MIN,FGM,FGA,FG%,3PM,3PA,3P%,FTM,FTA,FT%,OREB,DREB,REB,AST,STL,BLK,TOV,PF,PTS,+/-
,13,23.0,56.5,,,,12,14,85.7,,,10.0,8.0,,,,3.0,38,
48.0,7,19.0,36.8,,,,8,10,80.0,,,9.0,13.0,,,,6.0,22,
,12,31.0,38.7,,,,8,10,80.0,,,18.0,9.0,,,,4.0,32,
42.0,9,16.0,56.3,,,,9,10,90.0,,,14.0,10.0,,,,1.0,27,
47.0,11,27.0,40.7,,,,15,17,88.2,,,9.0,18.0,,,,3.0,37,
31.0,7,14.0,50.0,,,,2,2,100.0,,,8.0,12.0,,,,2.0,16,
32.0,4,,,,,,4,5,80.0,,,2.0,5.0,,,,2.0,12,
48.0,14,22.0,63.6,,,,11,13,84.6,,,11.0,14.0,,,,4.0,39,
48.0,12,26.0,46.2,,,,15,16,93.8,,,15.0,18.0,,,,5.0,39,
47.0,11,20.0,55.0,,,,14,16,87.5,,,12.0,13.0,,,,4.0,36,
,15,,,,,,13,15,86.7,,,9.0,20.0,,,,5.0,43,
40.0,11,17.0,64.7,,,,9,13,69.2,,,12.0,8.0,,,,2.0,31,
,15,30.0,50.0,,,,10,12,83.3,,,10.0,11.0,,,,2.0,40,
,11,24.0,45.8,,,,10,11,90.9,,,11.0,9.0,,,,5.0,32,
,13,26.0,50.0,,,,12,17,70.6,,,15.0,,,,,2.0,38,
,6,,,,,,10,14,71.4,,,10.0,7.0,,,,4.0,22,
,12,,,,,,13,15,86.7,,,,,,,,2.0,37,
44.0,15,24.0,62.5,,,,8,13,61.5,,,13.0,9.0,,,,3.0,38,
,12,26.0,46.2,,,,7,8,87.5,,,11.0,8.0,,,,4.0,31,
,9,24.0,37.5,,,,6,9,66.7,,,16.0,8.0,,,,3.0,24,
43.0,14,26.0,53.8,,,,4,6,66.7,,,5.0,10.0,,,,4.0,32,
11.0,2,6.0,33.3,,,,0,0,,,,0.0,1.0,,,,0.0,4,
6.0,1,,,,,,1,1,100.0,,,2.0,,,,,0.0,3,
,10,,,,,,7,7,100.0,,,,,,,,5.0,27,
47.0,13,,,,,,19,22,86.4,,,8.0,8.0,,,,5.0,45,
,11,31.0,35.5,,,,9,14,64.3,,,15.0,16.0,,,,4.0,31,
,11,,,,,,7,10,70.0,,,13.0,11.0,,,,5.0,29,
46.0,9,25.0,36.0,,,,13,13,100.0,,,18.0,13.0,,,,3.0,31,
43.0,13,28.0,46.4,,,,12,16,75.0,,,10.0,10.0,,,,1.0,38,
48.0,13,21.0,61.9,,,,6,8,75.0,,,11.0,11.0,,,,4.0,32,
,14,28.0,50.0,,,,14,16,87.5,,,13.0,10.0,,,,2.0,42,
,7,19.0,36.8,,,,14,16,87.5,,,18.0,11.0,,,,3.0,28,
,13,20.0,65.0,,,,12,13,92.3,,,5.0,9.0,,,,4.0,38,
,11,36.0,30.6,,,,14,18,77.8,,,19.0,6.0,,,,4.0,36,
,13,23.0,56.5,,,,12,18,66.7,,,13.0,11.0,,,,4.0,38,
48.0,15,27.0,55.6,,,,15,18,83.3,,,12.0,13.0,,,,2.0,45,
,17,,,,,,9,10,90.0,,,5.0,13.0,,,,5.0,43,
,12,28.0,42.9,,,,8,9,88.9,,,15.0,16.0,,,,3.0,32,
,10,,,,,,8,10,80.0,,,18.0,10.0,,,,4.0,28,
,12,27.0,44.4,,,,7,8,87.5,,,14.0,11.0,,,,1.0,31,
,15,25.0,60.0,,,,9,10,90.0,,,8.0,8.0,,,,3.0,39,
34.0,8,13.0,61.5,,,,6,6,100.0,,,4.0,9.0,,,,6.0,22,
,10,24.0,41.7,,,,12,13,92.3,,,10.0,8.0,,,,2.0,32,
,11,,,,,,14,15,93.3,,,8.0,8.0,,,,5.0,36,
,11,,,,,,16,17,94.1,,,8.0,15.0,,,,5.0,38,
,7,22.0,31.8,,,,13,15,86.7,,,10.0,10.0,,,,5.0,27,
47.0,14,24.0,58.3,,,,6,9,66.7,,,14.0,11.0,,,,0.0,34,
47.0,17,30.0,56.7,,,,7,12,58.3,,,11.0,6.0,,,,3.0,41,
49.0,16,,,,,,10,13,76.9,,,4.0,9.0,,,,6.0,42,
31.0,11,22.0,50.0,,,,4,4,100.0,,,2.0,4.0,,,,1.0,26,
42.0,12,23.0,52.2,,,,6,8,75.0,,,8.0,5.0,,,,0.0,30,
,10,28.0,35.7,,,,11,13,84.6,,,11.0,14.0,,,,4.0,31,
,6,19.0,31.6,,,,5,5,100.0,,,11.0,12.0,,,,2.0,17,
31.0,8,,,,,,5,7,71.4,,,5.0,,,,,2.0,21,
36.0,12,23.0,52.2,,,,13,15,86.7,,,8.0,,,,,3.0,37,
50.0,13,25.0,52.0,,,,10,13,76.9,,,11.0,9.0,,,,3.0,36,
30.0,6,9.0,66.7,,,,4,6,66.7,,,7.0,5.0,,,,4.0,16,
,17,34.0,50.0,,,,10,12,83.3,,,15.0,11.0,,,,2.0,44,
45.0,15,25.0,60.0,,,,4,7,57.1,,,9.0,10.0,,,,3.0,34,
,8,,,,,,7,9,77.8,,,9.0,,,,,2.0,23,
,7,,,,,,3,5,60.0,,,7.0,,,,,4.0,17,
,10,,,,,,11,11,100.0,,,9.0,11.0,,,,4.0,31,
46.0,8,16.0,50.0,,,,9,11,81.8,,,6.0,7.0,,,,2.0,25,
32.0,3,14.0,21.4,,,,8,10,80.0,,,9.0,7.0,,,,1.0,14,
33.0,4,,,,,,9,11,81.8,,,8.0,7.0,,,,2.0,17,
53.0,13,23.0,56.5,,,,13,15,86.7,,,12.0,8.0,,,,2.0,39,
,7,25.0,28.0,,,,11,13,84.6,,,12.0,12.0,,,,2.0,25,
46.0,13,23.0,56.5,,,,6,6,100.0,,,12.0,10.0,,,,2.0,32,
42.0,6,13.0,46.2,,,,11,13,84.6,,,11.0,12.0,,,,4.0,23,
41.0,10,24.0,41.7,,,,8,9,88.9,,,11.0,8.0,,,,4.0,28,
43.0,8,20.0,40.0,,,,5,5,100.0,,,12.0,10.0,,,,3.0,21,
48.0,8,17.0,47.1,,,,3,8,37.5,,,9.0,15.0,,,,5.0,19,
,9,22.0,40.9,,,,6,10,60.0,,,3.0,7.0,,,,5.0,24,
44.0,9,23.0,39.1,,,,6,10,60.0,,,15.0,8.0,,,,5.0,24,
48.0,12,33.0,36.4,,,,3,6,50.0,,,11.0,12.0,,,,3.0,27,
,15,28.0,53.6,,,,11,12,91.7,,,15.0,6.0,,,,5.0,41,
29.0,5,9.0,55.6,,,,4,7,57.1,,,8.0,6.0,,,,1.0,14,
,17,27.0,63.0,,,,7,9,77.8,,,18.0,6.0,,,,4.0,41,
,10,21.0,47.6,,,,13,17,76.5,,,15.0,13.0,,,,4.0,33,
48.0,14,29.0,48.3,,,,7,8,87.5,,,11.0,10.0,,,,5.0,35,
47.0,16,29.0,55.2,,,,7,9,77.8,,,11.0,10.0,,,,2.0,39,
38.0,8,13.0,61.5,,,,2,3,66.7,,,6.0,17.0,,,,2.0,18,
44.0,9,21.0,42.9,,,,13,13,100.0,,,20.0,16.0,,,,4.0,31,
44.0,11,21.0,52.4,,,,8,9,88.9,,,10.0,9.0,,,,2.0,30,
,11,24.0,45.8,,,,8,12,66.7,,,15.0,18.0,,,,4.0,30,
48.0,15,34.0,44.1,,,,10,10,100.0,,,14.0,10.0,,,,5.0,40,
,12,25.0,48.0,,,,3,6,50.0,,,10.0,12.0,,,,5.0,27,
46.0,17,29.0,58.6,,,,8,10,80.0,,,15.0,18.0,,,,4.0,42,
37.0,11,25.0,44.0,,,,11,15,73.3,,,15.0,5.0,,,,5.0,33,
44.0,12,29.0,41.4,,,,8,9,88.9,,,21.0,16.0,,,,2.0,32,
48.0,13,26.0,50.0,,,,12,14,85.7,,,9.0,6.0,,,,4.0,38,
,11,26.0,42.3,,,,6,7,85.7,,,14.0,9.0,,,,1.0,28,
,19,31.0,61.3,,,,9,10,90.0,,,12.0,8.0,,,,3.0,47,
,10,28.0,35.7,,,,10,11,90.9,,,11.0,8.0,,,,5.0,30,
47.0,9,21.0,42.9,,,,7,7,100.0,,,12.0,7.0,,,,3.0,25,
42.0,13,25.0,52.0,,,,8,9,88.9,,,13.0,8.0,,,,4.0,34,
,7,22.0,31.8,,,,7,7,100.0,,,5.0,4.0,,,,1.0,21,
45.0,9,24.0,37.5,,,,18,18,100.0,,,14.0,13.0,,,,3.0,36,
48.0,8,19.0,42.1,,,,5,7,71.4,,,9.0,17.0,,,,4.0,21,
,9,25.0,36.0,,,,15,18,83.3,,,15.0,9.0,,,,4.0,33,
,11,22.0,50.0,,,,10,13,76.9,,,8.0,11.0,,,,4.0,32,
,11,22.0,50.0,,,,7,8,87.5,,,15.0,8.0,,,,5.0,29,
,13,21.0,61.9,,,,13,16,81.3,,,13.0,11.0,,,,5.0,39,
,11,26.0,42.3,,,,6,12,50.0,,,14.0,16.0,,,,3.0,28,
48.0,13,23.0,56.5,,,,10,13,76.9,,,13.0,10.0,,,,4.0,36,
,13,19.0,68.4,,,,13,17,76.5,,,18.0,6.0,,,,4.0,39,
44.0,10,28.0,35.7,,,,13,14,92.9,,,13.0,8.0,,,,2.0,33,
46.0,13,24.0,54.2,,,,12,17,70.6,,,12.0,19.0,,,,2.0,38,
48.0,14,19.0,73.7,,,,5,5,100.0,,,20.0,14.0,,,,2.0,33,
46.0,10,23.0,43.5,,,,5,5,100.0,,,11.0,12.0,,,,3.0,25,
,9,24.0,37.5,,,,9,10,90.0,,,15.0,11.0,,,,3.0,27,
44.0,9,20.0,45.0,,,,8,10,80.0,,,12.0,13.0,,,,2.0,26,
36.0,4,15.0,26.7,,,,4,7,57.1,,,12.0,9.0,,,,1.0,12,
48.0,15,29.0,51.7,,,,8,12,66.7,,,13.0,8.0,,,,4.0,38,
,10,16.0,62.5,,,,11,12,91.7,,,7.0,16.0,,,,3.0,31,
46.0,10,17.0,58.8,,,,9,10,90.0,,,11.0,13.0,,,,2.0,29,
48.0,13,25.0,52.0,,,,14,16,87.5,,,12.0,17.0,,,,3.0,40,
,12,20.0,60.0,,,,11,13,84.6,,,8.0,10.0,,,,5.0,35,
48.0,11,25.0,44.0,,,,6,9,66.7,,,12.0,13.0,,,,3.0,28,
,11,29.0,37.9,,,,5,6,83.3,,,10.0,13.0,,,,2.0,27,
48.0,14,28.0,50.0,,,,11,13,84.6,,,14.0,8.0,,,,4.0,39,
45.0,9,24.0,37.5,,,,10,14,71.4,,,16.0,11.0,,,,2.0,28,
47.0,12,24.0,50.0,,,,8,13,61.5,,,15.0,20.0,,,,3.0,32,
33.0,9,12.0,75.0,,,,9,10,90.0,,,9.0,11.0,,,,1.0,27,
,11,23.0,47.8,,,,9,10,90.0,,,13.0,19.0,,,,4.0,31,
,13,32.0,40.6,,,,5,6,83.3,,,20.0,10.0,,,,0.0,31,
35.0,9,23.0,39.1,,,,10,13,76.9,,,8.0,6.0,,,,2.0,28,
,12,20.0,60.0,,,,9,12,75.0,,,8.0,11.0,,,,3.0,33,
,7,14.0,50.0,,,,11,13,84.6,,,7.0,8.0,,,,3.0,25,
46.0,12,18.0,66.7,,,,7,9,77.8,,,15.0,13.0,,,,4.0,31,
,9,21.0,42.9,,,,6,8,75.0,,,14.0,17.0,,,,2.0,24,
48.0,10,20.0,50.0,,,,11,11,100.0,,,13.0,9.0,,,,3.0,31,
,8,15.0,53.3,,,,4,5,80.0,,,7.0,3.0,,,,2.0,20,
48.0,9,21.0,42.9,,,,7,8,87.5,,,16.0,18.0,,,,3.0,25,
,12,23.0,52.2,,,,6,7,85.7,,,11.0,6.0,,,,4.0,30,
48.0,13,20.0,65.0,,,,11,14,78.6,,,13.0,5.0,,,,2.0,37,
47.0,9,25.0,36.0,,,,10,14,71.4,,,16.0,13.0,,,,4.0,28,
42.0,19,34.0,55.9,,,,11,16,68.8,,,22.0,7.0,,,,4.0,49,
,13,21.0,61.9,,,,10,16,62.5,,,10.0,13.0,,,,4.0,36,
,10,24.0,41.7,,,,11,12,91.7,,,12.0,15.0,,,,2.0,31,
,11,28.0,39.3,,,,5,7,71.4,,,10.0,16.0,,,,4.0,27,
48.0,13,24.0,54.2,,,,14,14,100.0,,,15.0,16.0,,,,3.0,40,
41.0,4,16.0,25.0,,,,14,14,100.0,,,14.0,11.0,,,,4.0,22,
,10,20.0,50.0,,,,11,12,91.7,,,10.0,8.0,,,,3.0,31,
,7,23.0,30.4,,,,4,6,66.7,,,13.0,11.0,,,,3.0,18,
42.0,12,17.0,70.6,,,,13,15,86.7,,,7.0,13.0,,,,5.0,37,
,6,12.0,50.0,,,,14,17,82.4,,,11.0,22.0,,,,1.0,26,
48.0,11,17.0,64.7,,,,8,11,72.7,,,14.0,14.0,,,,3.0,30,
,11,31.0,35.5,,,,10,15,66.7,,,12.0,10.0,,,,4.0,32,
47.0,9,27.0,33.3,,,,17,19,89.5,,,15.0,13.0,,,,6.0,35,
,13,24.0,54.2,,,,8,10,80.0,,,14.0,5.0,,,,1.0,34,
,9,23.0,39.1,,,,6,7,85.7,,,11.0,13.0,,,,3.0,24,
,12,24.0,50.0,,,,11,14,78.6,,,13.0,9.0,,,,2.0,35,
,6,12.0,50.0,,,,3,4,75.0,,,12.0,9.0,,,,2.0,15,
33.0,8,12.0,66.7,,,,7,9,77.8,,,5.0,4.0,,,,3.0,23,
,11,18.0,61.1,,,,4,6,66.7,,,16.0,,,,,3.0,26,
,9,18.0,50.0,,,,4,5,80.0,,,9.0,7.0,,,,3.0,22,
46.0,7,16.0,43.8,,,,5,6,83.3,,,11.0,8.0,,,,5.0,19,
48.0,10,19.0,52.6,,,,12,13,92.3,,,12.0,9.0,,,,5.0,32,
,14,25.0,56.0,,,,2,2,100.0,,,11.0,9.0,,,,1.0,30,
43.0,11,16.0,68.8,,,,8,8,100.0,,,8.0,7.0,,,,4.0,30,
,12,26.0,46.2,,,,12,14,85.7,,,9.0,10.0,,,,4.0,36,
,11,24.0,45.8,,,,2,5,40.0,,,10.0,12.0,,,,5.0,24,
,8,16.0,50.0,,,,9,11,81.8,,,11.0,12.0,,,,3.0,25,
,5,13.0,38.5,,,,8,10,80.0,,,8.0,3.0,,,,5.0,18,
48.0,12,23.0,52.2,,,,11,11,100.0,,,17.0,17.0,,,,4.0,35,
,7,16.0,43.8,,,,5,5,100.0,,,10.0,6.0,,,,5.0,19,
,9,19.0,47.4,,,,7,9,77.8,,,12.0,10.0,,,,3.0,25,
44.0,8,14.0,57.1,,,,7,12,58.3,,,10.0,7.0,,,,5.0,23,
,12,18.0,66.7,,,,10,12,83.3,,,17.0,12.0,,,,2.0,34,
,12,20.0,60.0,,,,5,7,71.4,,,16.0,12.0,,,,2.0,29,
42.0,6,13.0,46.2,,,,8,12,66.7,,,10.0,9.0,,,,6.0,20,
48.0,12,20.0,60.0,,,,9,9,100.0,,,15.0,10.0,,,,4.0,33,
,6,17.0,35.3,,,,10,12,83.3,,,13.0,6.0,,,,4.0,22,
,11,18.0,61.1,,,,4,7,57.1,,,10.0,7.0,,,,5.0,26,
,7,20.0,35.0,,,,7,7,100.0,,,5.0,8.0,,,,5.0,21,
37.0,10,19.0,52.6,,,,5,5,100.0,,,9.0,11.0,,,,5.0,25,
,9,19.0,47.4,,,,9,10,90.0,,,9.0,,,,,5.0,27,
,10,24.0,41.7,,,,11,14,78.6,,,8.0,14.0,,,,4.0,31,
,11,14.0,78.6,,,,2,3,66.7,,,6.0,,,,,2.0,24,
,8,21.0,38.1,,,,8,10,80.0,,,11.0,8.0,,,,5.0,24,
,16,24.0,66.7,,,,11,13,84.6,,,9.0,13.0,,,,5.0,43,
,7,17.0,41.2,,,,4,5,80.0,,,8.0,10.0,,,,3.0,18,
,10,20.0,50.0,,,,6,9,66.7,,,17.0,5.0,,,,4.0,26,
46.0,14,24.0,58.3,,,,5,5,100.0,,,11.0,12.0,,,,3.0,33,
46.0,12,27.0,44.4,,,,7,8,87.5,,,9.0,8.0,,,,4.0,31,
48.0,7,21.0,33.3,,,,11,12,91.7,,,12.0,5.0,,,,5.0,25,
,15,25.0,60.0,,,,11,12,91.7,,,17.0,9.0,,,,3.0,41,
,8,14.0,57.1,,,,13,15,86.7,,,10.0,9.0,,,,3.0,29,
,7,16.0,43.8,,,,13,16,81.3,,,11.0,9.0,,,,4.0,27,
,12,23.0,52.2,,,,9,9,100.0,,,10.0,13.0,,,,5.0,33,
,12,24.0,50.0,,,,11,11,100.0,,,9.0,,,,,4.0,35,
48.0,6,21.0,28.6,,,,10,10,100.0,,,11.0,19.0,,,,5.0,22,
,7,18.0,38.9,,,,5,7,71.4,,,8.0,,,,,4.0,19,
,10,18.0,55.6,,,,12,20,60.0,,,12.0,11.0,,,,4.0,32,
,7,15.0,46.7,,,,3,8,37.5,,,8.0,4.0,,,,5.0,17,
,14,25.0,56.0,,,,7,12,58.3,,,6.0,10.0,,,,4.0,35,
,10,23.0,43.5,,,,15,16,93.8,,,9.0,13.0,,,,3.0,35,
,11,19.0,57.9,,,,8,13,61.5,,,20.0,13.0,,,,2.0,30,
,13,19.0,68.4,,,,6,6,100.0,,,15.0,13.0,,,,2.0,32,
,11,21.0,52.4,,,,6,7,85.7,,,9.0,,,,,4.0,28,
48.0,10,24.0,41.7,,,,6,6,100.0,,,13.0,10.0,,,,1.0,26,
,10,17.0,58.8,,,,10,11,90.9,,,13.0,19.0,,,,4.0,30,
35.0,6,15.0,40.0,,,,4,7,57.1,,,7.0,12.0,,,,4.0,16,
,12,22.0,54.5,,,,7,8,87.5,,,11.0,7.0,,,,5.0,31,
,16,29.0,55.2,,,,10,12,83.3,,,14.0,14.0,,,,4.0,42,
,6,16.0,37.5,,,,8,13,61.5,,,10.0,8.0,,,,4.0,20,
,11,32.0,34.4,,,,7,8,87.5,,,9.0,10.0,,,,5.0,29,
,12,21.0,57.1,,,,6,8,75.0,,,5.0,8.0,,,,1.0,30,
,8,18.0,44.4,,,,15,15,100.0,,,9.0,11.0,,,,3.0,31,
,13,16.0,81.3,,,,5,7,71.4,,,8.0,15.0,,,,3.0,31,
45.0,9,15.0,60.0,,,,6,8,75.0,,,12.0,9.0,,,,1.0,24,
,11,21.0,52.4,,,,6,8,75.0,,,10.0,10.0,,,,4.0,28,
,7,13.0,53.8,,,,7,9,77.8,,,8.0,,,,,4.0,21,
48.0,15,22.0,68.2,,,,10,13,76.9,,,7.0,10.0,,,,4.0,40,
43.0,12,24.0,50.0,,,,8,8,100.0,,,13.0,12.0,,,,4.0,32,
42.0,7,19.0,36.8,,,,1,4,25.0,,,7.0,9.0,,,,4.0,15,
,12,21.0,57.1,,,,9,10,90.0,,,8.0,12.0,,,,5.0,33,
37.0,13,19.0,68.4,,,,5,6,83.3,,,10.0,8.0,,,,4.0,31,
41.0,9,26.0,34.6,,,,8,9,88.9,,,9.0,8.0,,,,1.0,26,
,12,25.0,48.0,,,,8,10,80.0,,,10.0,,,,,3.0,32,
,14,27.0,51.9,,,,9,11,81.8,,,9.0,,,,,5.0,37,
,14,22.0,63.6,,,,10,11,90.9,,,6.0,8.0,,,,5.0,38,
,16,26.0,61.5,,,,10,11,90.9,,,10.0,11.0,,,,5.0,42,
,5,12.0,41.7,,,,12,14,85.7,,,6.0,10.0,,,,3.0,22,
50.0,16,22.0,72.7,,,,4,6,66.7,,,9.0,8.0,,,,3.0,36,
39.0,10,22.0,45.5,,,,7,8,87.5,,,19.0,8.0,,,,2.0,27,
41.0,12,19.0,63.2,,,,7,11,63.6,,,8.0,11.0,,,,3.0,31,
,12,19.0,63.2,,,,8,10,80.0,,,9.0,14.0,,,,4.0,32,
,10,16.0,62.5,,,,9,12,75.0,,,7.0,13.0,,,,5.0,29,
43.0,10,19.0,52.6,,,,5,5,100.0,,,9.0,15.0,,,,1.0,25,
48.0,18,29.0,62.1,,,,12,15,80.0,,,11.0,13.0,,,,4.0,48,
43.0,11,17.0,64.7,,,,6,6,100.0,,,8.0,12.0,,,,3.0,28,
,12,27.0,44.4,,,,9,12,75.0,,,6.0,9.0,,,,3.0,33,
45.0,12,25.0,48.0,,,,6,8,75.0,,,17.0,13.0,,,,5.0,30,
48.0,8,20.0,40.0,,,,11,13,84.6,,,15.0,17.0,,,,4.0,27,
42.0,12,19.0,63.2,,,,10,13,76.9,,,7.0,11.0,,,,5.0,34,
42.0,8,25.0,32.0,,,,17,17,100.0,,,8.0,8.0,,,,4.0,33,
,10,19.0,52.6,,,,15,17,88.2,,,11.0,14.0,,,,2.0,35,
48.0,16,28.0,57.1,,,,11,13,84.6,,,10.0,10.0,,,,4.0,43,
48.0,12,22.0,54.5,,,,10,10,100.0,,,6.0,7.0,,,,5.0,34,
,11,27.0,40.7,,,,10,14,71.4,,,4.0,10.0,,,,3.0,32,
38.0,9,17.0,52.9,,,,8,11,72.7,,,8.0,10.0,,,,6.0,26,
,10,28.0,35.7,,,,12,13,92.3,,,10.0,8.0,,,,5.0,32,
48.0,11,26.0,42.3,,,,10,11,90.9,,,13.0,8.0,,,,2.0,32,
48.0,8,20.0,40.0,,,,13,18,72.2,,,7.0,14.0,,,,3.0,29,
48.0,14,31.0,45.2,,,,17,18,94.4,,,11.0,12.0,,,,3.0,45,
48.0,10,24.0,41.7,,,,12,17,70.6,,,6.0,14.0,,,,3.0,32,
48.0,14,22.0,63.6,,,,16,18,88.9,,,10.0,7.0,,,,5.0,44,
48.0,11,23.0,47.8,,,,7,10,70.0,,,11.0,21.0,,,,4.0,29,
,13,31.0,41.9,,,,12,14,85.7,,,18.0,14.0,,,,3.0,38,
41.0,9,21.0,42.9,,,,13,14,92.9,,,8.0,14.0,,,,1.0,31,
,10,28.0,35.7,,,,10,11,90.9,,,11.0,11.0,,,,3.0,30,
48.0,13,26.0,50.0,,,,16,19,84.2,,,10.0,14.0,,,,4.0,42,
,9,28.0,32.1,,,,7,10,70.0,,,9.0,14.0,,,,2.0,25,
53.0,16,30.0,53.3,,,,16,16,100.0,,,7.0,10.0,,,,5.0,48,
44.0,15,24.0,62.5,,,,5,7,71.4,,,17.0,10.0,,,,3.0,35,
47.0,10,17.0,58.8,,,,8,10,80.0,,,14.0,18.0,,,,3.0,28,
39.0,11,25.0,44.0,,,,5,8,62.5,,,6.0,14.0,,,,1.0,27,
,10,21.0,47.6,,,,9,12,75.0,,,9.0,10.0,,,,4.0,29,
43.0,14,24.0,58.3,,,,10,10,100.0,,,6.0,11.0,,,,4.0,38,
44.0,9,18.0,50.0,,,,13,15,86.7,,,11.0,10.0,,,,1.0,31,
48.0,14,21.0,66.7,,,,16,19,84.2,,,10.0,10.0,,,,2.0,44,
42.0,13,21.0,61.9,,,,14,16,87.5,,,7.0,13.0,,,,5.0,40,
,13,22.0,59.1,,,,6,9,66.7,,,6.0,12.0,,,,3.0,32,
38.0,11,16.0,68.8,,,,12,12,100.0,,,10.0,11.0,,,,5.0,34,
48.0,11,22.0,50.0,,,,10,13,76.9,,,9.0,8.0,,,,0.0,32,
48.0,7,20.0,35.0,,,,16,19,84.2,,,9.0,14.0,,,,4.0,30,
41.0,8,14.0,57.1,,,,10,10,100.0,,,14.0,17.0,,,,3.0,26,
48.0,9,28.0,32.1,,,,7,10,70.0,,,13.0,19.0,,,,3.0,25,
48.0,14,26.0,53.8,,,,13,15,86.7,,,7.0,15.0,,,,4.0,41,
44.0,9,18.0,50.0,,,,9,10,90.0,,,8.0,10.0,,,,3.0,27,
,10,20.0,50.0,,,,12,14,85.7,,,3.0,9.0,,,,5.0,32,
43.0,8,19.0,42.1,,,,13,13,100.0,,,17.0,13.0,,,,2.0,29,
,14,31.0,45.2,,,,9,9,100.0,,,22.0,11.0,,,,5.0,37,
48.0,12,24.0,50.0,,,,13,13,100.0,,,15.0,16.0,,,,4.0,37,
,8,19.0,42.1,,,,4,7,57.1,,,9.0,8.0,,,,2.0,20,
,6,27.0,22.2,,,,12,15,80.0,,,14.0,8.0,,,,4.0,24,
48.0,7,18.0,38.9,,,,11,14,78.6,,,19.0,8.0,,,,4.0,25,
38.0,11,22.0,50.0,,,,4,4,100.0,,,7.0,9.0,,,,2.0,26,
45.0,9,20.0,45.0,,,,14,17,82.4,,,13.0,12.0,,,,3.0,32,
48.0,12,29.0,41.4,,,,11,12,91.7,,,15.0,14.0,,,,4.0,35,
48.0,15,27.0,55.6,,,,10,11,90.9,,,9.0,7.0,,,,3.0,40,
48.0,18,29.0,62.1,,,,12,12,100.0,,,11.0,7.0,,,,3.0,48,
48.0,8,19.0,42.1,,,,14,16,87.5,,,10.0,6.0,,,,5.0,30,
31.0,11,21.0,52.4,,,,7,7,100.0,,,6.0,11.0,,,,4.0,29,
48.0,13,24.0,54.2,,,,12,12,100.0,,,11.0,16.0,,,,3.0,38,
,9,19.0,47.4,,,,10,11,90.9,,,11.0,8.0,,,,4.0,28,
48.0,11,15.0,73.3,,,,10,12,83.3,,,10.0,11.0,,,,1.0,32,
41.0,12,17.0,70.6,,,,8,12,66.7,,,13.0,9.0,,,,4.0,32,
,12,17.0,70.6,,,,9,10,90.0,,,7.0,10.0,,,,4.0,33,
35.0,6,19.0,31.6,,,,10,11,90.9,,,9.0,1.0,,,,6.0,22,
43.0,10,16.0,62.5,,,,12,15,80.0,,,5.0,12.0,,,,6.0,32,
,11,19.0,57.9,,,,6,7,85.7,,,10.0,8.0,,,,4.0,28,
43.0,10,18.0,55.6,,,,6,6,100.0,,,6.0,13.0,,,,4.0,26,
48.0,10,19.0,52.6,,,,8,9,88.9,,,9.0,5.0,,,,2.0,28,
45.0,8,21.0,38.1,,,,12,14,85.7,,,7.0,11.0,,,,4.0,28,
,13,26.0,50.0,,,,9,12,75.0,,,6.0,6.0,,,,5.0,35,
39.0,7,13.0,53.8,,,,10,11,90.9,,,4.0,5.0,,,,4.0,24,
48.0,10,21.0,47.6,,,,5,9,55.6,,,6.0,9.0,,,,4.0,25,
35.0,9,16.0,56.3,,,,8,9,88.9,,,4.0,9.0,,,,5.0,26,
,13,29.0,44.8,,,,10,14,71.4,,,11.0,4.0,,,,5.0,36,
48.0,10,20.0,50.0,,,,8,9,88.9,,,7.0,14.0,,,,4.0,28,
37.0,6,19.0,31.6,,,,9,10,90.0,,,17.0,8.0,,,,5.0,21,
,8,22.0,36.4,,,,11,14,78.6,,,6.0,11.0,,,,3.0,27,
44.0,7,19.0,36.8,,,,8,9,88.9,,,12.0,11.0,,,,4.0,22,
44.0,7,15.0,46.7,,,,5,5,100.0,,,8.0,10.0,,,,2.0,19,
46.0,7,23.0,30.4,,,,6,7,85.7,,,13.0,9.0,,,,4.0,20,
46.0,7,19.0,36.8,,,,8,8,100.0,,,14.0,15.0,,,,3.0,22,
33.0,8,15.0,53.3,,,,4,5,80.0,,,11.0,9.0,,,,2.0,20,
48.0,10,24.0,41.7,,,,10,14,71.4,,,7.0,19.0,,,,2.0,30,
46.0,11,24.0,45.8,,,,8,9,88.9,,,7.0,15.0,,,,2.0,30,
45.0,9,17.0,52.9,,,,6,7,85.7,,,7.0,14.0,,,,3.0,24,
47.0,13,24.0,54.2,,,,11,11,100.0,,,11.0,14.0,,,,3.0,37,
37.0,5,14.0,35.7,,,,7,9,77.8,,,7.0,12.0,,,,3.0,17,
,6,23.0,26.1,,,,8,8,100.0,,,7.0,12.0,,,,2.0,20,
48.0,10,21.0,47.6,,,,6,10,60.0,,,8.0,7.0,,,,0.0,26,
,13,26.0,50.0,,,,10,13,76.9,,,8.0,15.0,,,,2.0,36,
36.0,7,17.0,41.2,,,,6,7,85.7,,,4.0,,,,,3.0,20,
41.0,12,23.0,52.2,,,,4,4,100.0,,,6.0,13.0,,,,4.0,28,
43.0,6,17.0,35.3,,,,8,8,100.0,,,8.0,,,,,1.0,20,
48.0,10,17.0,58.8,,,,7,7,100.0,,,9.0,20.0,,,,1.0,27,
,13,26.0,50.0,,,,9,10,90.0,,,8.0,8.0,,,,3.0,35,
,14,27.0,51.9,,,,11,13,84.6,,,7.0,7.0,,,,4.0,39,
48.0,11,20.0,55.0,,,,18,20,90.0,,,5.0,9.0,,,,3.0,40,
41.0,15,29.0,51.7,,,,5,6,83.3,,,8.0,8.0,,,,4.0,35,
48.0,14,28.0,50.0,,,,7,9,77.8,,,16.0,7.0,,,,2.0,35,
40.0,10,22.0,45.5,,,,10,11,90.9,,,9.0,8.0,,,,6.0,30,
,16,29.0,55.2,,,,5,8,62.5,,,14.0,14.0,,,,3.0,37,
42.0,14,22.0,63.6,,,,0,1,0.0,,,11.0,12.0,,,,2.0,28,
53.0,15,40.0,37.5,,,,7,7,100.0,,,12.0,9.0,,,,5.0,37,
44.0,13,28.0,46.4,,,,16,18,88.9,,,16.0,13.0,,,,5.0,42,
48.0,17,32.0,53.1,,,,16,16,100.0,,,13.0,1.0,,,,1.0,50,
48.0,12,27.0,44.4,,,,14,17,82.4,,,12.0,6.0,,,,5.0,38,
40.0,17,25.0,68.0,,,,10,10,100.0,,,5.0,11.0,,,,1.0,44,
48.0,14,24.0,58.3,,,,7,8,87.5,,,14.0,13.0,,,,2.0,35,
53.0,14,32.0,43.8,,,,8,10,80.0,,,12.0,14.0,,,,5.0,36,
48.0,4,14.0,28.6,,,,4,8,50.0,,,6.0,9.0,,,,1.0,12,
48.0,12,31.0,38.7,,,,10,12,83.3,,,6.0,14.0,,,,2.0,34,
48.0,9,17.0,52.9,,,,8,8,100.0,,,10.0,15.0,,,,4.0,26,
41.0,8,15.0,53.3,,,,8,9,88.9,,,7.0,10.0,,,,1.0,24,
,13,22.0,59.1,,,,9,12,75.0,,,4.0,13.0,,,,3.0,35,
,3,17.0,17.6,,,,5,5,100.0,,,4.0,11.0,,,,4.0,11,
,12,24.0,50.0,,,,16,18,88.9,,,8.0,9.0,,,,4.0,40,
48.0,9,16.0,56.3,,,,5,5,100.0,,,13.0,12.0,,,,3.0,23,
45.0,9,17.0,52.9,,,,9,13,69.2,,,8.0,13.0,,,,1.0,27,
,9,14.0,64.3,,,,3,5,60.0,,,5.0,16.0,,,,1.0,21,
,16,31.0,51.6,,,,10,11,90.9,,,21.0,10.0,,,,4.0,42,
45.0,11,18.0,61.1,,,,4,6,66.7,,,13.0,16.0,,,,3.0,26,
45.0,7,17.0,41.2,,,,14,16,87.5,,,20.0,16.0,,,,2.0,28,
53.0,13,25.0,52.0,,,,11,16,68.8,,,11.0,15.0,,,,3.0,37,
48.0,12,27.0,44.4,,,,11,15,73.3,,,8.0,5.0,,,,4.0,35,
,13,23.0,56.5,,,,13,13,100.0,,,5.0,15.0,,,,5.0,39,
48.0,12,22.0,54.5,,,,11,11,100.0,,,8.0,20.0,,,,2.0,35,
,13,29.0,44.8,,,,22,26,84.6,,,10.0,10.0,,,,4.0,48,
48.0,14,21.0,66.7,,,,10,11,90.9,,,8.0,11.0,,,,3.0,38,
53.0,14,32.0,43.8,,,,10,10,100.0,,,8.0,15.0,,,,4.0,38,
44.0,10,19.0,52.6,,,,10,11,90.9,,,10.0,12.0,,,,2.0,30,
,17,33.0,51.5,,,,22,23,95.7,,,9.0,12.0,,,,2.0,56,
48.0,8,20.0,40.0,,,,6,8,75.0,,,9.0,13.0,,,,4.0,22,
,11,24.0,45.8,,,,9,10,90.0,,,6.0,6.0,,,,2.0,31,
,11,18.0,61.1,,,,10,11,90.9,,,7.0,9.0,,,,4.0,32,
,12,19.0,63.2,,,,8,11,72.7,,,14.0,10.0,,,,3.0,32,
,14,25.0,56.0,,,,5,9,55.6,,,5.0,11.0,,,,1.0,33,
,11,20.0,55.0,,,,5,6,83.3,,,13.0,15.0,,,,3.0,27,
40.0,11,19.0,57.9,,,,3,4,75.0,,,8.0,19.0,,,,3.0,25,
42.0,7,16.0,43.8,,,,6,7,85.7,,,6.0,12.0,,,,2.0,20,
44.0,8,19.0,42.1,,,,7,7,100.0,,,6.0,9.0,,,,2.0,23,
39.0,8,16.0,50.0,,,,11,11,100.0,,,10.0,14.0,,,,1.0,27,
,18,35.0,51.4,,,,4,6,66.7,,,13.0,14.0,,,,3.0,40,
48.0,8,18.0,44.4,,,,5,8,62.5,,,7.0,13.0,,,,2.0,21,
,9,28.0,32.1,,,,14,16,87.5,,,12.0,13.0,,,,2.0,32,
,8,21.0,38.1,,,,16,19,84.2,,,7.0,4.0,,,,2.0,32,
48.0,9,19.0,47.4,,,,15,21,71.4,,,11.0,10.0,,,,3.0,33,
42.0,8,21.0,38.1,,,,6,8,75.0,,,6.0,12.0,,,,2.0,22,
48.0,10,24.0,41.7,,,,7,12,58.3,,,5.0,13.0,,,,5.0,27,
39.0,7,16.0,43.8,,,,8,9,88.9,,,9.0,10.0,,,,3.0,22,
36.0,9,18.0,50.0,,,,4,5,80.0,,,5.0,8.0,,,,0.0,22,
40.0,7,23.0,30.4,,,,10,11,90.9,,,9.0,3.0,,,,1.0,24,
,14,27.0,51.9,,,,11,13,84.6,,,13.0,12.0,,,,5.0,39,
43.0,2,15.0,13.3,,,,7,8,87.5,,,4.0,10.0,,,,6.0,11,
47.0,11,24.0,45.8,,,,11,13,84.6,,,5.0,11.0,,,,1.0,33,
44.0,6,16.0,37.5,,,,9,11,81.8,,,12.0,15.0,,,,3.0,21,
48.0,11,23.0,47.8,,,,5,9,55.6,,,8.0,7.0,,,,1.0,27,
44.0,9,21.0,42.9,,,,6,8,75.0,,,11.0,,,,,3.0,24,
48.0,4,16.0,25.0,,,,10,11,90.9,,,11.0,9.0,,,,2.0,18,
44.0,11,28.0,39.3,,,,5,5,100.0,,,5.0,,,,,2.0,27,
33.0,10,19.0,52.6,,,,6,7,85.7,,,9.0,11.0,,,,3.0,26,
45.0,12,26.0,46.2,,,,9,10,90.0,,,5.0,11.0,,,,4.0,33,
48.0,9,27.0,33.3,,,,8,10,80.0,,,6.0,9.0,,,,4.0,26,
48.0,13,33.0,39.4,,,,13,15,86.7,,,9.0,11.0,,,,4.0,39,
46.0,11,19.0,57.9,,,,8,12,66.7,,,5.0,13.0,,,,2.0,30,
53.0,16,22.0,72.7,,,,12,12,100.0,,,8.0,22.0,,,,4.0,44,
48.0,13,27.0,48.1,,,,10,12,83.3,,,9.0,9.0,,,,2.0,36,
48.0,12,22.0,54.5,,,,16,17,94.1,,,8.0,7.0,,,,1.0,40,
48.0,16,22.0,72.7,,,,7,9,77.8,,,7.0,9.0,,,,2.0,39,
48.0,9,20.0,45.0,,,,12,16,75.0,,,11.0,12.0,,,,4.0,30,
48.0,10,28.0,35.7,,,,19,23,82.6,,,8.0,15.0,,,,3.0,39,
48.0,14,23.0,60.9,,,,12,14,85.7,,,8.0,9.0,,,,2.0,40,
48.0,13,24.0,54.2,,,,5,6,83.3,,,4.0,12.0,,,,5.0,31,
48.0,13,26.0,50.0,,,,16,18,88.9,,,8.0,8.0,,,,3.0,42,
48.0,15,28.0,53.6,,,,14,16,87.5,,,9.0,12.0,,,,5.0,44,
46.0,12,22.0,54.5,,,,7,11,63.6,,,6.0,12.0,,,,4.0,31,
38.0,9,16.0,56.3,,,,8,9,88.9,,,2.0,14.0,,,,2.0,26,
42.0,5,14.0,35.7,,,,7,9,77.8,,,8.0,7.0,,,,5.0,17,
46.0,15,31.0,48.4,,,,8,9,88.9,,,8.0,13.0,,,,3.0,38,
48.0,11,25.0,44.0,,,,12,14,85.7,,,8.0,14.0,,,,3.0,34,
48.0,5,21.0,23.8,,,,13,15,86.7,,,9.0,16.0,,,,3.0,23,
48.0,11,22.0,50.0,,,,7,7,100.0,,,8.0,11.0,,,,3.0,29,
48.0,16,32.0,50.0,,,,12,15,80.0,,,5.0,13.0,,,,4.0,44,
48.0,5,17.0,29.4,,,,11,14,78.6,,,4.0,13.0,,,,1.0,21,
45.0,13,22.0,59.1,,,,7,8,87.5,,,2.0,6.0,,,,2.0,33,
46.0,14,31.0,45.2,,,,4,6,66.7,,,9.0,10.0,,,,4.0,32,
44.0,5,16.0,31.3,,,,9,10,90.0,,,6.0,12.0,,,,1.0,19,
48.0,12,29.0,41.4,,,,11,14,78.6,,,8.0,10.0,,,,3.0,35,
43.0,11,17.0,64.7,,,,7,7,100.0,,,6.0,14.0,,,,3.0,29,
42.0,7,22.0,31.8,,,,10,12,83.3,,,4.0,4.0,,,,4.0,24,
48.0,9,20.0,45.0,,,,8,10,80.0,,,8.0,13.0,,,,2.0,26,
48.0,14,29.0,48.3,,,,4,5,80.0,,,4.0,9.0,,,,3.0,32,
48.0,9,25.0,36.0,,,,7,10,70.0,,,13.0,13.0,,,,3.0,25,
48.0,12,17.0,70.6,,,,11,14,78.6,,,13.0,11.0,,,,3.0,35,
48.0,11,22.0,50.0,,,,7,8,87.5,,,11.0,12.0,,,,4.0,29,
48.0,9,22.0,40.9,,,,10,11,90.9,,,13.0,13.0,,,,3.0,28,
47.0,14,21.0,66.7,,,,9,11,81.8,,,10.0,7.0,,,,3.0,37,
33.0,6,12.0,50.0,,,,7,8,87.5,,,10.0,13.0,,,,4.0,19,
42.0,6,25.0,24.0,,,,11,11,100.0,,,8.0,15.0,,,,1.0,23,
48.0,14,32.0,43.8,,,,12,13,92.3,,,10.0,7.0,,,,5.0,40,
44.0,15,25.0,60.0,,,,6,9,66.7,,,11.0,17.0,,,,3.0,36,
48.0,12,21.0,57.1,,,,13,16,81.3,,,7.0,9.0,,,,3.0,37,
48.0,11,23.0,47.8,,,,13,13,100.0,,,6.0,16.0,,,,1.0,35,
53.0,16,35.0,45.7,,,,11,14,78.6,,,10.0,11.0,,,,5.0,43,
48.0,8,25.0,32.0,,,,14,17,82.4,,,7.0,11.0,,,,1.0,30,
47.0,7,28.0,25.0,,,,13,16,81.3,,,11.0,10.0,,,,4.0,27,
48.0,10,20.0,50.0,,,,11,18,61.1,,,5.0,9.0,,,,3.0,31,
53.0,11,32.0,34.4,,,,11,11,100.0,,,13.0,12.0,,,,2.0,33,
42.0,11,23.0,47.8,,,,9,10,90.0,,,6.0,10.0,,,,4.0,31,
48.0,5,17.0,29.4,,,,5,6,83.3,,,12.0,16.0,,,,4.0,15,
47.0,13,27.0,48.1,,,,5,8,62.5,,,5.0,6.0,,,,4.0,31,
48.0,14,24.0,58.3,,,,20,24,83.3,,,8.0,9.0,,,,1.0,48,
23.0,6,15.0,40.0,,,,8,9,88.9,,,1.0,4.0,,,,2.0,20,
48.0,16,27.0,59.3,,,,9,11,81.8,,,9.0,14.0,,,,3.0,41,
48.0,14,19.0,73.7,,,,16,16,100.0,,,5.0,16.0,,,,2.0,44,
48.0,11,24.0,45.8,,,,8,10,80.0,,,9.0,11.0,,,,4.0,30,
48.0,9,24.0,37.5,,,,11,13,84.6,,,11.0,11.0,,,,1.0,29,
48.0,11,23.0,47.8,,,,16,16,100.0,,,9.0,12.0,,,,4.0,38,
48.0,8,16.0,50.0,,,,8,10,80.0,,,8.0,18.0,,,,4.0,24,
43.0,5,13.0,38.5,,,,4,5,80.0,,,7.0,6.0,,,,2.0,14,
44.0,9,24.0,37.5,,,,10,13,76.9,,,6.0,12.0,,,,3.0,28,
42.0,11,23.0,47.8,,,,7,8,87.5,,,6.0,17.0,,,,6.0,29,
48.0,14,21.0,66.7,,,,13,14,92.9,,,8.0,17.0,,,,4.0,41,
43.0,9,17.0,52.9,,,,11,14,78.6,,,9.0,6.0,,,,5.0,29,
46.0,7,17.0,41.2,,,,13,14,92.9,,,7.0,13.0,,,,3.0,27,
45.0,11,24.0,45.8,,,,5,7,71.4,,,6.0,11.0,,,,3.0,27,
44.0,4,13.0,30.8,,,,14,15,93.3,,,6.0,9.0,,,,1.0,22,
45.0,13,24.0,54.2,,,,7,11,63.6,,,8.0,15.0,,,,2.0,33,
48.0,12,22.0,54.5,,,,8,10,80.0,,,7.0,12.0,,,,2.0,32,
48.0,11,21.0,52.4,,,,10,10,100.0,,,8.0,11.0,,,,4.0,32,
43.0,14,23.0,60.9,,,,9,9,100.0,,,12.0,13.0,,,,2.0,37,
45.0,11,19.0,57.9,,,,9,11,81.8,,,4.0,3.0,,,,1.0,31,
46.0,14,21.0,66.7,,,,8,11,72.7,,,5.0,8.0,,,,4.0,36,
29.0,6,12.0,50.0,,,,4,6,66.7,,,6.0,9.0,,,,1.0,16,
47.0,13,28.0,46.4,,,,6,7,85.7,,,6.0,15.0,,,,6.0,32,
48.0,7,19.0,36.8,,,,17,17,100.0,,,5.0,15.0,,,,0.0,31,
45.0,14,18.0,77.8,,,,15,15,100.0,,,8.0,9.0,,,,4.0,43,
48.0,12,23.0,52.2,,,,6,7,85.7,,,7.0,13.0,,,,4.0,30,
38.0,8,18.0,44.4,,,,10,12,83.3,,,6.0,10.0,,,,2.0,26,
48.0,6,18.0,33.3,,,,15,15,100.0,,,4.0,13.0,,,,0.0,27,
48.0,10,21.0,47.6,,,,17,19,89.5,,,2.0,7.0,,,,2.0,37,
48.0,18,28.0,64.3,,,,7,9,77.8,,,9.0,13.0,,,,3.0,43,
48.0,11,25.0,44.0,,,,4,4,100.0,,,11.0,8.0,,,,2.0,26,
36.0,7,22.0,31.8,,,,11,16,68.8,,,5.0,,,,,4.0,25,
43.0,10,20.0,50.0,,,,4,4,100.0,,,5.0,9.0,,,,1.0,24,
43.0,16,23.0,69.6,,,,8,9,88.9,,,2.0,7.0,,,,2.0,40,
48.0,9,22.0,40.9,,,,18,20,90.0,,,10.0,14.0,,,,2.0,36,
44.0,14,28.0,50.0,,,,7,9,77.8,,,8.0,10.0,,,,1.0,35,
27.0,9,18.0,50.0,,,,2,2,100.0,,,2.0,8.0,,,,1.0,20,
48.0,14,22.0,63.6,,,,8,10,80.0,,,3.0,13.0,,,,3.0,36,
48.0,10,22.0,45.5,,,,11,11,100.0,,,10.0,17.0,,,,3.0,31,
48.0,9,25.0,36.0,,,,9,9,100.0,,,7.0,14.0,,,,4.0,27,
44.0,13,26.0,50.0,,,,8,10,80.0,,,4.0,8.0,,,,1.0,34,
47.0,15,28.0,53.6,,,,16,17,94.1,,,5.0,14.0,,,,3.0,46,
48.0,10,19.0,52.6,,,,3,3,100.0,,,4.0,6.0,,,,1.0,23,
48.0,14,27.0,51.9,,,,8,8,100.0,,,5.0,10.0,,,,3.0,36,
48.0,12,27.0,44.4,,,,4,6,66.7,,,6.0,17.0,,,,2.0,28,
40.0,11,19.0,57.9,,,,6,6,100.0,,,4.0,16.0,,,,4.0,28,
48.0,7,17.0,41.2,,,,5,6,83.3,,,3.0,11.0,,,,1.0,19,
41.0,12,23.0,52.2,,,,11,12,91.7,,,5.0,9.0,,,,5.0,35,
8.0,2,4.0,50.0,,,,1,1,100.0,,,0.0,3.0,,,,1.0,5,
47.0,13,21.0,61.9,,,,8,10,80.0,,,8.0,6.0,,,,2.0,34,
48.0,11,26.0,42.3,,,,13,14,92.9,,,9.0,5.0,,,,3.0,35,
31.0,6,9.0,66.7,,,,11,12,91.7,,,2.0,,,,,2.0,23,
46.0,14,30.0,46.7,,,,7,8,87.5,,,8.0,14.0,,,,5.0,35,
48.0,10,19.0,52.6,,,,10,12,83.3,,,5.0,3.0,,,,3.0,30,
48.0,14,27.0,51.9,,,,11,12,91.7,,,8.0,6.0,,,,2.0,39,
48.0,11,26.0,42.3,,,,13,14,92.9,,,7.0,,,,,3.0,35,
48.0,14,23.0,60.9,,,,9,10,90.0,,,10.0,13.0,,,,3.0,37,
47.0,14,25.0,56.0,,,,9,11,81.8,,,6.0,11.0,,,,3.0,37,
46.0,16,23.0,69.6,,,,3,5,60.0,,,11.0,14.0,,,,6.0,35,
48.0,13,22.0,59.1,,,,10,10,100.0,,,5.0,,,,,4.0,36,
48.0,13,32.0,40.6,,,,10,12,83.3,,,4.0,8.0,,,,5.0,36,
46.0,11,21.0,52.4,,,,5,7,71.4,,,4.0,17.0,,,,4.0,27,
48.0,15,25.0,60.0,,,,11,12,91.7,,,8.0,8.0,,,,4.0,41,
48.0,15,24.0,62.5,,,,6,7,85.7,,,6.0,6.0,,,,3.0,36,
38.0,8,17.0,47.1,,,,5,6,83.3,,,7.0,17.0,,,,2.0,21,
47.0,13,21.0,61.9,,,,17,18,94.4,,,8.0,13.0,,,,5.0,43,
48.0,15,27.0,55.6,,,,10,10,100.0,,,5.0,9.0,,,,4.0,40,
48.0,11,24.0,45.8,,,,10,10,100.0,,,9.0,8.0,,,,1.0,32,
48.0,8,20.0,40.0,,,,9,12,75.0,,,9.0,9.0,,,,2.0,25,
,9,18.0,50.0,,,,12,15,80.0,,,5.0,9.0,,,,5.0,30,
,12,23.0,52.2,,,,9,10,90.0,,,7.0,11.0,,,,3.0,33,
42.0,8,18.0,44.4,,,,8,10,80.0,,,4.0,6.0,,,,1.0,24,
46.0,12,19.0,63.2,,,,14,17,82.4,,,3.0,6.0,,,,5.0,38,
,9,20.0,45.0,,,,1,1,100.0,,,3.0,17.0,,,,4.0,19,
26.0,7,11.0,63.6,,,,9,10,90.0,,,1.0,10.0,,,,5.0,23,
48.0,10,21.0,47.6,,,,5,8,62.5,,,6.0,19.0,,,,2.0,25,
40.0,12,20.0,60.0,,,,12,12,100.0,,,11.0,11.0,,,,2.0,36,
48.0,9,25.0,36.0,,,,15,15,100.0,,,5.0,11.0,,,,4.0,33,
52.0,8,18.0,44.4,,,,6,9,66.7,,,11.0,7.0,,,,4.0,22,
,7,18.0,38.9,,,,8,8,100.0,,,6.0,5.0,,,,2.0,22,
47.0,10,17.0,58.8,,,,6,9,66.7,,,6.0,9.0,,,,1.0,26,
24.0,1,8.0,12.5,,,,2,5,40.0,,,3.0,4.0,,,,3.0,4,
43.0,8,18.0,44.4,,,,11,11,100.0,,,9.0,,,,,5.0,27,
48.0,7,18.0,38.9,,,,14,14,100.0,,,5.0,12.0,,,,3.0,28,
46.0,11,18.0,61.1,,,,12,15,80.0,,,5.0,16.0,,,,4.0,34,
,9,20.0,45.0,,,,22,23,95.7,,,5.0,14.0,,,,4.0,40,
40.0,9,19.0,47.4,,,,7,8,87.5,,,7.0,6.0,,,,3.0,25,
,10,28.0,35.7,,,,4,5,80.0,,,8.0,10.0,,,,1.0,24,
45.0,5,22.0,22.7,,,,12,13,92.3,,,6.0,9.0,,,,4.0,22,
46.0,14,25.0,56.0,,,,11,11,100.0,,,4.0,6.0,,,,0.0,39,
53.0,17,33.0,51.5,,,,14,15,93.3,,,7.0,10.0,,,,1.0,48,
44.0,10,23.0,43.5,,,,13,16,81.3,,,10.0,6.0,,,,2.0,33,
,11,25.0,44.0,,,,14,16,87.5,,,11.0,11.0,,,,4.0,36,
48.0,10,20.0,50.0,,,,14,18,77.8,,,5.0,18.0,,,,2.0,34,
39.0,4,16.0,25.0,,,,9,11,81.8,,,5.0,15.0,,,,4.0,17,
37.0,7,14.0,50.0,,,,8,12,66.7,,,6.0,13.0,,,,3.0,22,
44.0,14,25.0,56.0,,,,9,12,75.0,,,8.0,11.0,,,,3.0,37,
47.0,12,22.0,54.5,,,,6,9,66.7,,,7.0,8.0,,,,4.0,30,
,8,24.0,33.3,,,,12,13,92.3,,,6.0,13.0,,,,3.0,28,
48.0,14,29.0,48.3,,,,9,10,90.0,,,10.0,10.0,,,,3.0,37,
48.0,9,22.0,40.9,,,,10,11,90.9,,,9.0,11.0,,,,2.0,28,
53.0,8,21.0,38.1,,,,5,6,83.3,,,11.0,13.0,,,,3.0,21,
48.0,10,20.0,50.0,,,,10,10,100.0,,,1.0,10.0,,,,2.0,30,
48.0,13,19.0,68.4,,,,10,10,100.0,,,9.0,14.0,,,,3.0,36,
48.0,13,25.0,52.0,,,,11,12,91.7,,,3.0,6.0,,,,3.0,37,
45.0,10,25.0,40.0,,,,9,10,90.0,,,10.0,10.0,,,,1.0,29,
48.0,15,25.0,60.0,,,,8,9,88.9,,,5.0,8.0,,,,2.0,38,
48.0,13,21.0,61.9,,,,9,11,81.8,,,2.0,8.0,,,,5.0,35,
48.0,16,24.0,66.7,,,,3,5,60.0,,,5.0,11.0,,,,2.0,35,
41.0,7,16.0,43.8,,,,1,2,50.0,,,2.0,15.0,,,,5.0,15,
44.0,12,23.0,52.2,,,,7,9,77.8,,,10.0,10.0,,,,2.0,31,
,8,13.0,61.5,,,,11,12,91.7,,,10.0,15.0,,,,4.0,27,
22.0,4,6.0,66.7,,,,3,4,75.0,,,3.0,5.0,,,,2.0,11,
2.0,0,2.0,0.0,,,,0,0,,,,1.0,1.0,,,,0.0,0,
47.0,11,26.0,42.3,,,,8,10,80.0,,,10.0,9.0,,,,4.0,30,
48.0,5,22.0,22.7,,,,14,17,82.4,,,14.0,16.0,,,,4.0,24,
40.0,12,21.0,57.1,,,,8,9,88.9,,,7.0,9.0,,,,3.0,32,
42.0,12,23.0,52.2,,,,8,8,100.0,,,7.0,16.0,,,,2.0,32,
12.0,1,3.0,33.3,,,,2,3,66.7,,,1.0,1.0,,,,2.0,4,
35.0,10,18.0,55.6,,,,3,4,75.0,,,9.0,8.0,,,,2.0,23,
47.0,11,24.0,45.8,,,,16,20,80.0,,,7.0,3.0,,,,5.0,38,
48.0,12,23.0,52.2,,,,16,17,94.1,,,7.0,13.0,,,,5.0,40,
45.0,16,25.0,64.0,,,,10,11,90.9,,,3.0,7.0,,,,6.0,42,
46.0,11,22.0,50.0,,,,13,13,100.0,,,4.0,14.0,,,,2.0,35,
33.0,6,16.0,37.5,,,,15,16,93.8,,,8.0,7.0,,,,1.0,27,
48.0,10,23.0,43.5,,,,9,9,100.0,,,8.0,12.0,,,,3.0,29,
,11,37.0,29.7,,,,11,12,91.7,,,5.0,6.0,,,,3.0,33,
44.0,11,22.0,50.0,,,,10,10,100.0,,,6.0,14.0,,,,3.0,32,
48.0,14,26.0,53.8,,,,8,9,88.9,,,7.0,19.0,,,,4.0,36,
37.0,10,18.0,55.6,,,,7,8,87.5,,,2.0,10.0,,,,4.0,27,
48.0,10,19.0,52.6,,,,12,14,85.7,,,7.0,10.0,,,,5.0,32,
48.0,13,29.0,44.8,,,,14,16,87.5,,,7.0,15.0,,,,1.0,40,
39.0,11,17.0,64.7,,,,6,7,85.7,,,3.0,8.0,,,,2.0,28,
45.0,9,24.0,37.5,,,,9,11,81.8,,,4.0,13.0,,,,5.0,27,
48.0,7,19.0,36.8,,,,16,19,84.2,,,1.0,8.0,,,,4.0,30,
47.0,13,19.0,68.4,,,,13,15,86.7,,,12.0,9.0,,,,3.0,39,
53.0,15,36.0,41.7,,,,13,14,92.9,,,12.0,11.0,,,,4.0,43,
48.0,11,21.0,52.4,,,,12,13,92.3,,,6.0,7.0,,,,3.0,34,
,12,19.0,63.2,,,,11,13,84.6,,,7.0,7.0,,,,2.0,35,
48.0,14,24.0,58.3,,,,13,14,92.9,,,8.0,16.0,,,,1.0,41,
48.0,14,26.0,53.8,,,,6,6,100.0,,,11.0,12.0,,,,4.0,34,
48.0,12,23.0,52.2,,,,8,8,100.0,,,6.0,10.0,,,,1.0,32,
,8,18.0,44.4,,,,10,12,83.3,,,10.0,11.0,,,,5.0,26,
48.0,12,28.0,42.9,,,,12,13,92.3,,,5.0,7.0,,,,4.0,36,
48.0,10,25.0,40.0,,,,7,9,77.8,,,7.0,8.0,,,,5.0,27,
48.0,11,24.0,45.8,,,,12,12,100.0,,,9.0,10.0,,,,3.0,34,
48.0,11,17.0,64.7,,,,9,9,100.0,,,8.0,17.0,,,,5.0,31,
38.0,9,16.0,56.3,,,,9,10,90.0,,,5.0,15.0,,,,4.0,27,
48.0,16,29.0,55.2,,,,8,9,88.9,,,6.0,9.0,,,,3.0,40,
46.0,7,21.0,33.3,,,,8,9,88.9,,,5.0,6.0,,,,3.0,22,
48.0,12,18.0,66.7,,,,7,8,87.5,,,5.0,19.0,,,,4.0,31,
48.0,13,23.0,56.5,,,,11,13,84.6,,,5.0,0.0,,,,3.0,37,
40.0,12,24.0,50.0,,,,11,12,91.7,,,5.0,5.0,,,,2.0,35,
13.0,3,4.0,75.0,,,,1,1,100.0,,,2.0,1.0,,,,1.0,7,
,11,21.0,52.4,,,,4,5,80.0,,,7.0,15.0,,,,2.0,26,
46.0,15,24.0,62.5,,,,10,11,90.9,,,5.0,12.0,,,,6.0,40,
36.0,6,15.0,40.0,,,,2,2,100.0,,,3.0,6.0,,,,2.0,14,
17.0,0,4.0,0.0,,,,1,1,100.0,,,0.0,4.0,,,,1.0,1,
22.0,5,7.0,71.4,,,,7,9,77.8,,,3.0,5.0,,,,4.0,17,
44.0,10,21.0,47.6,,,,13,18,72.2,,,5.0,14.0,,,,3.0,33,
45.0,6,13.0,46.2,,,,15,17,88.2,,,6.0,6.0,,,,4.0,27,
48.0,8,18.0,44.4,,,,7,9,77.8,,,6.0,9.0,,,,1.0,23,
46.0,11,21.0,52.4,,,,6,10,60.0,,,6.0,10.0,,,,4.0,28,
44.0,15,26.0,57.7,,,,11,15,73.3,,,6.0,8.0,,,,3.0,41,
,8,17.0,47.1,,,,7,9,77.8,,,2.0,9.0,,,,3.0,23,
44.0,5,11.0,45.5,,,,10,12,83.3,,,10.0,16.0,,,,3.0,20,
48.0,10,20.0,50.0,,,,7,9,77.8,,,10.0,13.0,,,,4.0,27,
,3,13.0,23.1,,,,8,8,100.0,,,7.0,,,,,2.0,14,
,8,19.0,42.1,,,,12,13,92.3,,,10.0,,,,,4.0,28,
43.0,9,15.0,60.0,,,,6,8,75.0,,,5.0,7.0,,,,2.0,24,
42.0,12,19.0,63.2,,,,9,11,81.8,,,5.0,14.0,,,,2.0,33,
,8,14.0,57.1,,,,5,8,62.5,,,3.0,4.0,,,,1.0,21,
16.0,3,10.0,30.0,,,,1,1,100.0,,,2.0,1.0,,,,1.0,7,
48.0,9,17.0,52.9,,,,8,9,88.9,,,5.0,9.0,,,,4.0,26,
,7,11.0,63.6,,,,9,10,90.0,,,5.0,13.0,,,,4.0,23,
42.0,10,13.0,76.9,,,,3,3,100.0,,,7.0,20.0,,,,3.0,23,
48.0,5,12.0,41.7,,,,3,4,75.0,,,7.0,17.0,,,,4.0,13,
,9,20.0,45.0,,,,1,4,25.0,,,3.0,13.0,,,,1.0,19,
42.0,3,10.0,30.0,,,,12,15,80.0,,,8.0,5.0,,,,5.0,18,
,5,14.0,35.7,,,,5,6,83.3,,,6.0,6.0,,,,2.0,15,
45.0,8,11.0,72.7,,,,6,8,75.0,,,5.0,15.0,,,,4.0,22,
46.0,13,24.0,54.2,,,,5,7,71.4,,,10.0,16.0,,,,4.0,31,
46.0,7,15.0,46.7,,,,5,5,100.0,,,6.0,15.0,,,,3.0,19,
,11,18.0,61.1,,,,11,14,78.6,,,7.0,,,,,3.0,33,
46.0,9,20.0,45.0,,,,8,9,88.9,,,5.0,7.0,,,,1.0,26,
43.0,4,11.0,36.4,,,,6,6,100.0,,,6.0,8.0,,,,0.0,14,
43.0,7,15.0,46.7,,,,7,9,77.8,,,9.0,7.0,,,,2.0,21,
34.0,5,16.0,31.3,,,,3,4,75.0,,,8.0,8.0,,,,2.0,13,
48.0,14,20.0,70.0,,,,7,9,77.8,,,4.0,12.0,,,,4.0,35,
48.0,10,17.0,58.8,,,,2,5,40.0,,,4.0,10.0,,,,4.0,22,
46.0,10,17.0,58.8,,,,11,16,68.8,,,13.0,11.0,,,,1.0,31,
,7,14.0,50.0,,,,8,8,100.0,,,10.0,6.0,,,,2.0,22,
,12,23.0,52.2,,,,13,15,86.7,,,8.0,10.0,,,,4.0,37,
48.0,8,12.0,66.7,,,,10,13,76.9,,,4.0,13.0,,,,5.0,26,
42.0,8,13.0,61.5,,,,7,8,87.5,,,6.0,6.0,,,,1.0,23,
48.0,5,15.0,33.3,,,,11,14,78.6,,,3.0,7.0,,,,4.0,21,
46.0,9,20.0,45.0,,,,5,5,100.0,,,4.0,9.0,,,,2.0,23,
,9,14.0,64.3,,,,7,7,100.0,,,2.0,8.0,,,,5.0,25,
9.0,1,3.0,33.3,,,,2,4,50.0,,,3.0,2.0,,,,2.0,4,
,7,20.0,35.0,,,,7,11,63.6,,,4.0,13.0,,,,1.0,21,
,5,11.0,45.5,,,,3,3,100.0,,,1.0,8.0,,,,6.0,13,
,8,15.0,53.3,,,,10,10,100.0,,,7.0,10.0,,,,2.0,26,
,12,22.0,54.5,,,,12,13,92.3,,,6.0,8.0,,,,3.0,36,
,6,17.0,35.3,,,,10,11,90.9,,,5.0,,,,,3.0,22,
,7,18.0,38.9,,,,7,8,87.5,,,7.0,,,,,2.0,21,
45.0,9,16.0,56.3,,,,5,5,100.0,,,9.0,9.0,,,,2.0,23,
48.0,16,24.0,66.7,,,,10,12,83.3,,,8.0,7.0,,,,3.0,42,
,7,17.0,41.2,,,,11,14,78.6,,,6.0,,,,,2.0,25,
48.0,12,22.0,54.5,,,,13,16,81.3,,,5.0,8.0,,,,1.0,37,
48.0,6,20.0,30.0,,,,10,11,90.9,,,9.0,12.0,,,,2.0,22,
45.0,7,12.0,58.3,,,,3,5,60.0,,,9.0,8.0,,,,6.0,17,
48.0,6,26.0,23.1,,,,12,14,85.7,,,7.0,9.0,,,,4.0,24,
48.0,7,20.0,35.0,,,,9,10,90.0,,,6.0,9.0,,,,2.0,23,
48.0,13,24.0,54.2,,,,13,14,92.9,,,8.0,7.0,,,,1.0,39,
47.0,7,14.0,50.0,,,,9,12,75.0,,,8.0,11.0,,,,4.0,23,
,12,25.0,48.0,,,,4,5,80.0,,,9.0,7.0,,,,2.0,28,
41.0,8,9.0,88.9,,,,10,11,90.9,,,14.0,17.0,,,,2.0,26,
,10,16.0,62.5,,,,9,9,100.0,,,11.0,11.0,,,,5.0,29,
52.0,14,25.0,56.0,,,,6,7,85.7,,,4.0,12.0,,,,4.0,34,
,12,25.0,48.0,,,,10,13,76.9,,,12.0,12.0,,,,4.0,34,
,7,13.0,53.8,,,,7,7,100.0,,,4.0,10.0,,,,1.0,21,
44.0,7,19.0,36.8,,,,6,8,75.0,,,9.0,16.0,,,,2.0,20,
,10,22.0,45.5,,,,7,8,87.5,,,7.0,15.0,,,,3.0,27,
48.0,11,23.0,47.8,,,,16,17,94.1,,,7.0,11.0,,,,5.0,38,
41.0,7,20.0,35.0,,,,10,12,83.3,,,8.0,6.0,,,,3.0,24,
,13,21.0,61.9,,,,14,16,87.5,,,3.0,8.0,,,,3.0,40,
40.0,7,15.0,46.7,,,,10,10,100.0,,,2.0,7.0,,,,2.0,24,
46.0,5,14.0,35.7,,,,8,11,72.7,,,9.0,9.0,,,,3.0,18,
46.0,9,21.0,42.9,,,,11,13,84.6,,,2.0,9.0,,,,4.0,29,
,7,17.0,41.2,,,,9,11,81.8,,,8.0,7.0,,,,3.0,23,
48.0,11,21.0,52.4,,,,9,11,81.8,,,6.0,8.0,,,,5.0,31,
43.0,11,25.0,44.0,,,,6,7,85.7,,,8.0,6.0,,,,4.0,28,
37.0,10,18.0,55.6,,,,9,10,90.0,,,4.0,6.0,,,,5.0,29,
23.0,3,10.0,30.0,,,,6,8,75.0,,,1.0,18.0,,,,1.0,12,
48.0,8,17.0,47.1,,,,13,13,100.0,,,7.0,18.0,,,,4.0,29,
48.0,12,23.0,52.2,,,,9,12,75.0,,,10.0,5.0,,,,3.0,33,
42.0,10,20.0,50.0,,,,11,15,73.3,,,3.0,13.0,,,,4.0,31,
48.0,7,17.0,41.2,,,,11,14,78.6,,,8.0,13.0,,,,3.0,25,
,10,16.0,62.5,,,,9,9,100.0,,,5.0,11.0,,,,2.0,29,
45.0,11,23.0,47.8,,,,12,13,92.3,,,6.0,11.0,,,,4.0,34,
36.0,5,14.0,35.7,,,,0,0,,,,3.0,4.0,,,,1.0,10,
,7,21.0,33.3,,,,14,17,82.4,,,3.0,,,,,3.0,28,
,6,13.0,46.2,,,,12,12,100.0,,,7.0,,,,,4.0,24,
46.0,8,14.0,57.1,,,,8,12,66.7,,,7.0,12.0,,,,3.0,24,
40.0,9,14.0,64.3,,,,11,14,78.6,,,11.0,7.0,,,,3.0,29,
43.0,7,16.0,43.8,,,,10,11,90.9,,,2.0,6.0,,,,1.0,24,
46.0,10,21.0,47.6,,,,5,6,83.3,,,5.0,7.0,,,,2.0,25,
48.0,15,21.0,71.4,,,,7,9,77.8,,,6.0,9.0,,,,3.0,37,
,12,20.0,60.0,,,,4,5,80.0,,,12.0,13.0,,,,1.0,28,
,6,14.0,42.9,,,,5,6,83.3,,,5.0,3.0,,,,3.0,17,
,4,10.0,40.0,,,,12,14,85.7,,,4.0,5.0,,,,4.0,20,
40.0,8,13.0,61.5,,,,3,3,100.0,,,6.0,10.0,,,,1.0,19,
44.0,9,15.0,60.0,,,,4,5,80.0,,,6.0,12.0,,,,4.0,22,
,7,18.0,38.9,,,,10,13,76.9,,,8.0,13.0,,,,3.0,24,
,12,16.0,75.0,,,,4,5,80.0,,,2.0,,,,,2.0,28,
44.0,11,17.0,64.7,,,,3,4,75.0,,,9.0,8.0,,,,3.0,25,
41.0,3,12.0,25.0,,,,13,16,81.3,,,13.0,8.0,,,,2.0,19,
44.0,9,22.0,40.9,,,,10,11,90.9,,,14.0,11.0,,,,4.0,28,
36.0,6,16.0,37.5,,,,1,2,50.0,,,5.0,9.0,,,,2.0,13,
43.0,8,21.0,38.1,,,,7,8,87.5,,,5.0,5.0,,,,0.0,23,
42.0,14,20.0,70.0,,,,8,8,100.0,,,6.0,10.0,,,,2.0,36,
,14,25.0,56.0,,,,13,13,100.0,,,10.0,15.0,,,,3.0,41,
41.0,6,13.0,46.2,,,,3,4,75.0,,,10.0,9.0,,,,2.0,15,
,14,28.0,50.0,,,,12,15,80.0,,,7.0,4.0,,,,4.0,40,
39.0,5,12.0,41.7,,,,2,4,50.0,,,10.0,7.0,,,,3.0,12,
41.0,9,16.0,56.3,,,,1,1,100.0,,,2.0,4.0,,,,2.0,19,
47.0,10,19.0,52.6,,,,3,4,75.0,,,10.0,11.0,,,,2.0,23,
40.0,5,11.0,45.5,,,,3,5,60.0,,,1.0,6.0,,,,1.0,13,
36.0,6,16.0,37.5,,,,12,16,75.0,,,1.0,4.0,,,,1.0,24,
25.0,5,6.0,83.3,,,,2,3,66.7,,,2.0,9.0,,,,0.0,12,
42.0,10,15.0,66.7,,,,9,10,90.0,,,6.0,11.0,,,,3.0,29,
,10,27.0,37.0,,,,10,10,100.0,,,8.0,,,,,3.0,30,
4.0,0,1.0,0.0,,,,0,0,,,,0.0,1.0,,,,0.0,0,
,12,25.0,48.0,,,,7,8,87.5,,,7.0,,,,,0.0,31,
,7,17.0,41.2,,,,13,14,92.9,,,5.0,13.0,,,,2.0,27,
,9,16.0,56.3,,,,2,4,50.0,,,8.0,,,,,5.0,20,
51.0,13,23.0,56.5,,,,5,7,71.4,,,2.0,7.0,,,,3.0,31,
44.0,12,24.0,50.0,,,,4,6,66.7,,,3.0,9.0,,,,1.0,28,
53.0,15,30.0,50.0,,,,8,8,100.0,,,6.0,8.0,,,,3.0,38,
,13,28.0,46.4,,,,7,8,87.5,,,6.0,6.0,,,,1.0,33,
44.0,6,18.0,33.3,,,,5,9,55.6,,,5.0,8.0,,,,2.0,17,
45.0,9,17.0,52.9,,,,10,13,76.9,,,5.0,8.0,,,,1.0,28,
52.0,14,25.0,56.0,,,,9,9,100.0,,,5.0,10.0,,,,5.0,37,
35.0,3,11.0,27.3,,,,1,6,16.7,,,5.0,7.0,,,,2.0,7,
,18,34.0,52.9,,,,8,10,80.0,,,7.0,7.0,,,,2.0,44,
44.0,10,18.0,55.6,,,,15,16,93.8,,,4.0,11.0,,,,4.0,35,
48.0,10,19.0,52.6,,,,11,11,100.0,,,7.0,7.0,,,,4.0,31,
45.0,10,19.0,52.6,,,,5,5,100.0,,,4.0,6.0,,,,2.0,25,
35.0,8,14.0,57.1,,,,6,7,85.7,,,9.0,8.0,,,,1.0,22,
40.0,14,30.0,46.7,,,,8,9,88.9,,,5.0,4.0,,,,5.0,36,
42.0,14,24.0,58.3,,,,4,5,80.0,,,3.0,6.0,,,,2.0,32,
40.0,10,17.0,58.8,,,,6,8,75.0,,,8.0,8.0,,,,3.0,26,
36.0,8,13.0,61.5,,,,6,8,75.0,,,1.0,9.0,,,,1.0,22,
43.0,15,23.0,65.2,,,,3,4,75.0,,,6.0,10.0,,,,6.0,33,
,9,18.0,50.0,,,,5,6,83.3,,,9.0,13.0,,,,4.0,23,
48.0,15,25.0,60.0,,,,9,9,100.0,,,6.0,9.0,,,,5.0,39,
39.0,15,20.0,75.0,,,,11,14,78.6,,,6.0,9.0,,,,2.0,41,
,7,20.0,35.0,,,,7,9,77.8,,,6.0,9.0,,,,3.0,21,
,6,16.0,37.5,,,,2,2,100.0,,,7.0,3.0,,,,1.0,14,
,6,15.0,40.0,,,,6,9,66.7,,,5.0,,,,,5.0,18,
,9,15.0,60.0,,,,7,8,87.5,,,10.0,12.0,,,,1.0,25,
,16,25.0,64.0,,,,6,6,100.0,,,5.0,11.0,,,,4.0,38,
34.0,5,13.0,38.5,,,,3,5,60.0,,,6.0,6.0,,,,2.0,13,
,10,18.0,55.6,,,,13,17,76.5,,,5.0,5.0,,,,5.0,33,
43.0,7,13.0,53.8,,,,8,10,80.0,,,3.0,7.0,,,,4.0,22,
36.0,11,17.0,64.7,,,,4,6,66.7,,,8.0,4.0,,,,2.0,26,
43.0,8,17.0,47.1,,,,14,17,82.4,,,8.0,4.0,,,,0.0,30,
44.0,6,13.0,46.2,,,,0,1,0.0,,,5.0,11.0,,,,2.0,12,
46.0,6,13.0,46.2,,,,4,6,66.7,,,7.0,11.0,,,,2.0,16,
51.0,13,30.0,43.3,,,,9,10,90.0,,,12.0,10.0,,,,5.0,35,
28.0,8,16.0,50.0,,,,7,13,53.8,,,4.0,5.0,,,,4.0,23,
40.0,9,18.0,50.0,,,,7,11,63.6,,,6.0,6.0,,,,2.0,25,
,8,26.0,30.8,,,,2,2,100.0,,,7.0,7.0,,,,3.0,18,
28.0,1,8.0,12.5,,,,2,2,100.0,,,4.0,4.0,,,,3.0,4,
35.0,5,13.0,38.5,,,,5,5,100.0,,,4.0,5.0,,,,2.0,15,
40.0,6,9.0,66.7,,,,2,3,66.7,,,8.0,13.0,,,,4.0,14,
34.0,8,16.0,50.0,,,,4,9,44.4,,,5.0,4.0,,,,3.0,20,
43.0,9,18.0,50.0,,,,10,11,90.9,,,3.0,2.0,,,,3.0,28,
45.0,8,19.0,42.1,,,,4,5,80.0,,,6.0,8.0,,,,3.0,20,
41.0,10,19.0,52.6,,,,4,4,100.0,,,11.0,7.0,,,,4.0,24,
48.0,8,17.0,47.1,,,,2,2,100.0,,,10.0,16.0,,,,5.0,18,
44.0,13,23.0,56.5,,,,6,8,75.0,,,9.0,9.0,,,,3.0,32,
40.0,8,12.0,66.7,,,,8,9,88.9,,,7.0,5.0,,,,2.0,24,
43.0,12,20.0,60.0,,,,5,6,83.3,,,12.0,10.0,,,,3.0,29,
42.0,9,20.0,45.0,,,,6,8,75.0,,,4.0,5.0,,,,1.0,24,
35.0,5,10.0,50.0,,,,8,9,88.9,,,2.0,9.0,,,,0.0,18,
38.0,9,15.0,60.0,,,,8,10,80.0,,,4.0,8.0,,,,3.0,26,
40.0,12,17.0,70.6,,,,2,2,100.0,,,7.0,6.0,,,,2.0,26,
41.0,5,12.0,41.7,,,,10,10,100.0,,,6.0,10.0,,,,5.0,20,
43.0,6,16.0,37.5,,,,3,4,75.0,,,7.0,11.0,,,,1.0,15,
45.0,13,18.0,72.2,,,,2,2,100.0,,,5.0,8.0,,,,2.0,28,
44.0,7,13.0,53.8,,,,3,3,100.0,,,7.0,9.0,,,,2.0,17,
40.0,7,16.0,43.8,,,,4,5,80.0,,,4.0,8.0,,,,4.0,18,
36.0,8,15.0,53.3,,,,1,2,50.0,,,9.0,8.0,,,,2.0,17,
40.0,8,13.0,61.5,,,,9,9,100.0,,,4.0,9.0,,,,5.0,25,
37.0,7,11.0,63.6,,,,5,6,83.3,,,9.0,9.0,,,,5.0,19,
47.0,10,20.0,50.0,,,,5,6,83.3,,,10.0,14.0,,,,3.0,25,
37.0,9,15.0,60.0,,,,2,3,66.7,,,8.0,12.0,,,,2.0,20,
34.0,8,14.0,57.1,,,,3,5,60.0,,,6.0,11.0,,,,0.0,19,
37.0,6,13.0,46.2,,,,4,7,57.1,,,4.0,7.0,,,,2.0,16,
38.0,7,11.0,63.6,,,,5,6,83.3,,,9.0,10.0,,,,3.0,19,
37.0,5,14.0,35.7,,,,4,4,100.0,,,8.0,9.0,,,,3.0,14,
30.0,3,6.0,50.0,,,,7,7,100.0,,,3.0,7.0,,,,1.0,13,
40.0,7,15.0,46.7,,,,7,9,77.8,,,10.0,6.0,,,,1.0,21,
39.0,7,16.0,43.8,,,,3,3,100.0,,,3.0,7.0,,,,2.0,17,
43.0,8,20.0,40.0,,,,4,5,80.0,,,5.0,2.0,,,,5.0,20,
44.0,9,16.0,56.3,,,,11,12,91.7,,,5.0,15.0,,,,4.0,29,
30.0,10,12.0,83.3,,,,3,3,100.0,,,2.0,5.0,,,,2.0,23,
35.0,3,13.0,23.1,,,,3,4,75.0,,,5.0,8.0,,,,3.0,9,
43.0,7,17.0,41.2,,,,3,7,42.9,,,4.0,4.0,,,,2.0,17,
35.0,0,5.0,0.0,,,,6,6,100.0,,,4.0,5.0,,,,3.0,6,
39.0,9,19.0,47.4,,,,3,3,100.0,,,3.0,8.0,,,,0.0,21,
28.0,5,6.0,83.3,,,,4,6,66.7,,,4.0,5.0,,,,0.0,14,
32.0,7,14.0,50.0,,,,5,5,100.0,,,4.0,9.0,,,,2.0,19,
41.0,9,14.0,64.3,,,,6,7,85.7,,,7.0,7.0,,,,2.0,24,
45.0,11,19.0,57.9,,,,13,15,86.7,,,9.0,13.0,,,,4.0,35,
40.0,10,18.0,55.6,,,,3,4,75.0,,,5.0,10.0,,,,4.0,23,
36.0,9,17.0,52.9,,,,1,1,100.0,,,5.0,7.0,,,,3.0,19,
31.0,4,11.0,36.4,,,,5,5,100.0,,,5.0,8.0,,,,1.0,13,
44.0,9,19.0,47.4,,,,5,5,100.0,,,3.0,8.0,,,,0.0,23,
36.0,5,10.0,50.0,,,,2,2,100.0,,,6.0,13.0,,,,0.0,12,
37.0,8,16.0,50.0,,,,6,7,85.7,,,6.0,7.0,,,,1.0,22,
34.0,9,19.0,47.4,,,,4,5,80.0,,,7.0,7.0,,,,2.0,22,
39.0,7,11.0,63.6,,,,5,6,83.3,,,8.0,10.0,,,,1.0,19,
,9,16.0,56.3,,,,4,4,100.0,,,,11.0,,,,5.0,22,
44.0,6,14.0,42.9,,,,3,3,100.0,,,9.0,3.0,,,,1.0,15,
40.0,7,16.0,43.8,,,,10,12,83.3,,,11.0,9.0,,,,2.0,24,
44.0,11,17.0,64.7,,,,4,5,80.0,,,1.0,5.0,,,,2.0,26,
44.0,8,18.0,44.4,,,,3,4,75.0,,,2.0,12.0,,,,0.0,19,
38.0,8,10.0,80.0,,,,6,6,100.0,,,6.0,13.0,,,,1.0,22,
30.0,6,12.0,50.0,,,,2,2,100.0,,,2.0,3.0,,,,2.0,14,
36.0,5,11.0,45.5,,,,1,1,100.0,,,4.0,13.0,,,,1.0,11,
45.0,7,15.0,46.7,,,,5,5,100.0,,,6.0,7.0,,,,5.0,19,
40.0,7,10.0,70.0,,,,8,9,88.9,,,6.0,4.0,,,,2.0,22,
45.0,7,14.0,50.0,,,,3,3,100.0,,,6.0,13.0,,,,1.0,17,
44.0,10,22.0,45.5,,,,6,6,100.0,,,6.0,5.0,,,,4.0,26,
39.0,7,14.0,50.0,,,,4,5,80.0,,,3.0,7.0,,,,4.0,18,
35.0,4,10.0,40.0,,,,7,7,100.0,,,4.0,9.0,,,,4.0,15,
47.0,9,12.0,75.0,,,,6,7,85.7,,,3.0,12.0,,,,5.0,24,
42.0,5,13.0,38.5,,,,4,4,100.0,,,4.0,9.0,,,,2.0,14,
42.0,11,17.0,64.7,,,,3,5,60.0,,,11.0,9.0,,,,3.0,25,
40.0,3,9.0,33.3,,,,0,0,,,,3.0,3.0,,,,3.0,6,
40.0,6,14.0,42.9,,,,7,9,77.8,,,5.0,6.0,,,,4.0,19,
42.0,6,18.0,33.3,,,,3,3,100.0,,,4.0,10.0,,,,2.0,15,
46.0,11,19.0,57.9,,,,5,5,100.0,,,8.0,12.0,,,,3.0,27,
,3,,,,,,7,9,77.8,,,,,,,,,13,
42.0,10,15.0,66.7,,,,6,7,85.7,,,9.0,10.0,,,,3.0,26,
37.0,2,17.0,11.8,,,,4,5,80.0,,,8.0,9.0,,,,3.0,8,
22.0,2,6.0,33.3,,,,2,2,100.0,,,4.0,7.0,,,,2.0,6,
43.0,6,13.0,46.2,,,,7,9,77.8,,,5.0,8.0,,,,0.0,19,
35.0,7,14.0,50.0,,,,3,5,60.0,,,5.0,13.0,,,,5.0,17,
,8,,,,,,8,9,88.9,,,,,,,,3.0,24,
43.0,11,18.0,61.1,,,,4,5,80.0,,,2.0,11.0,,,,4.0,26,
44.0,5,21.0,23.8,,,,5,5,100.0,,,5.0,4.0,,,,2.0,15,
33.0,6,,,,,,1,1,100.0,,,,5.0,,,,,13,
24.0,8,12.0,66.7,,,,5,6,83.3,,,5.0,9.0,,,,3.0,21,
35.0,4,20.0,20.0,,,,4,5,80.0,,,6.0,4.0,,,,2.0,12,
42.0,9,23.0,39.1,,,,7,9,77.8,,,7.0,7.0,,,,3.0,25,
19.0,1,8.0,12.5,,,,3,4,75.0,,,3.0,2.0,,,,2.0,5,
28.0,6,16.0,37.5,,,,2,3,66.7,,,6.0,4.0,,,,2.0,14,
30.0,8,19.0,42.1,,,,1,3,33.3,,,4.0,8.0,,,,0.0,17,
24.0,2,,,,,,2,2,100.0,,,,7.0,,,,,6,
32.0,6,12.0,50.0,,,,1,1,100.0,,,1.0,9.0,,,,0.0,13,
41.0,9,19.0,47.4,,,,7,8,87.5,,,5.0,8.0,,,,0.0,25,
43.0,14,20.0,70.0,,,,5,5,100.0,,,9.0,9.0,,,,2.0,33,
38.0,5,11.0,45.5,,,,8,9,88.9,,,8.0,4.0,,,,4.0,18,
35.0,5,13.0,38.5,,,,4,5,80.0,,,7.0,8.0,,,,3.0,14,
35.0,7,18.0,38.9,,,,0,1,0.0,,,8.0,7.0,,,,1.0,14,
35.0,5,16.0,31.3,,,,2,2,100.0,,,6.0,8.0,,,,1.0,12,
41.0,7,13.0,53.8,,,,10,12,83.3,,,3.0,6.0,,,,3.0,24,
34.0,9,14.0,64.3,,,,5,5,100.0,,,7.0,10.0,,,,2.0,23,
36.0,6,14.0,42.9,,,,5,6,83.3,,,5.0,12.0,,,,3.0,17,
31.0,4,9.0,44.4,,,,5,5,100.0,,,3.0,10.0,,,,0.0,13,
45.0,8,18.0,44.4,,,,5,5,100.0,,,1.0,7.0,,,,2.0,21,
39.0,9,19.0,47.4,,,,5,7,71.4,,,8.0,8.0,,,,3.0,23,
39.0,5,14.0,35.7,,,,7,7,100.0,,,6.0,9.0,,,,2.0,17,
,13,,,,,,5,5,100.0,,,8.0,6.0,,,,,31,
40.0,9,19.0,47.4,,,,8,8,100.0,,,4.0,10.0,,,,1.0,26,
38.0,9,16.0,56.3,,,,4,4,100.0,,,4.0,11.0,,,,3.0,22,
45.0,8,21.0,38.1,,,,10,12,83.3,,,6.0,4.0,,,,3.0,26,
35.0,5,10.0,50.0,,,,5,5,100.0,,,4.0,10.0,,,,1.0,15,
39.0,6,11.0,54.5,,,,5,5,100.0,,,3.0,7.0,,,,4.0,17,
42.0,4,13.0,30.8,,,,3,3,100.0,,,3.0,9.0,,,,2.0,11,
,5,,,,,,9,10,90.0,,,,,,,,,19,
42.0,5,12.0,41.7,,,,5,6,83.3,,,5.0,4.0,,,,2.0,15,
,7,,,,,,3,6,50.0,,,7.0,,,,,,17,
44.0,11,17.0,64.7,,,,5,7,71.4,,,5.0,4.0,,,,2.0,27,
,9,15.0,60.0,,,,2,2,100.0,,,,,,,,,20,
44.0,13,24.0,54.2,,,,3,3,100.0,,,,,,,,,29,
40.0,6,13.0,46.2,,,,3,3,100.0,,,6.0,6.0,,,,2.0,15,
42.0,4,11.0,36.4,,,,6,8,75.0,,,6.0,10.0,,,,2.0,14,
36.0,7,14.0,50.0,,,,4,4,100.0,,,9.0,12.0,,,,1.0,18,
41.0,7,18.0,38.9,,,,3,3,100.0,,,4.0,11.0,,,,3.0,17,
34.0,5,9.0,55.6,,,,7,8,87.5,,,1.0,10.0,,,,1.0,17,
,12,15.0,80.0,,,,1,1,100.0,,,2.0,14.0,,,,,25,
40.0,4,11.0,36.4,,,,1,1,100.0,,,4.0,7.0,,,,0.0,9,
,7,,,,,,3,4,75.0,,,,,,,,,17,
,6,,,,,,3,4,75.0,,,,,,,,,15,
42.0,8,22.0,36.4,,,,2,3,66.7,,,5.0,5.0,,,,3.0,18,
41.0,10,17.0,58.8,,,,5,6,83.3,,,8.0,6.0,,,,0.0,25,
42.0,6,14.0,42.9,,,,3,3,100.0,,,4.0,6.0,,,,4.0,15,
35.0,8,13.0,61.5,,,,0,1,0.0,,,5.0,9.0,,,,3.0,16,
38.0,5,,,,,,7,8,87.5,,,,,,,,1.0,17,
,6,,,,,,10,11,90.9,,,,,,,,,22,
,5,,,,,,2,4,50.0,,,,,,,,,12,
39.0,8,14.0,57.1,,,,4,5,80.0,,,4.0,11.0,,,,3.0,20,
43.0,8,15.0,53.3,,,,6,6,100.0,,,5.0,6.0,,,,2.0,22,
36.0,3,7.0,42.9,,,,5,8,62.5,,,6.0,10.0,,,,1.0,11,
46.0,5,17.0,29.4,,,,0,2,0.0,,,5.0,8.0,,,,2.0,10,
32.0,5,12.0,41.7,,,,3,3,100.0,,,5.0,11.0,,,,0.0,13,
20.0,3,6.0,50.0,,,,5,8,62.5,,,1.0,2.0,,,,2.0,11,
33.0,7,11.0,63.6,,,,4,4,100.0,,,4.0,8.0,,,,3.0,18,
37.0,5,8.0,62.5,,,,1,5,20.0,,,8.0,5.0,,,,3.0,11,
33.0,5,9.0,55.6,,,,7,8,87.5,,,6.0,9.0,,,,1.0,17,
33.0,3,8.0,37.5,,,,2,3,66.7,,,7.0,11.0,,,,0.0,8,
32.0,3,6.0,50.0,,,,12,13,92.3,,,3.0,6.0,,,,3.0,18,
42.0,4,14.0,28.6,,,,3,3,100.0,,,5.0,6.0,,,,4.0,11,
34.0,7,16.0,43.8,,,,3,3,100.0,,,9.0,17.0,,,,1.0,17,
44.0,10,16.0,62.5,,,,5,6,83.3,,,6.0,9.0,,,,5.0,25,
38.0,10,13.0,76.9,,,,4,4,100.0,,,5.0,14.0,,,,4.0,24,
47.0,8,12.0,66.7,,,,7,7,100.0,,,5.0,14.0,,,,2.0,23,
43.0,8,19.0,42.1,,,,9,9,100.0,,,8.0,9.0,,,,4.0,25,
41.0,10,17.0,58.8,,,,4,5,80.0,,,3.0,8.0,,,,1.0,24,
42.0,12,20.0,60.0,,,,1,1,100.0,,,1.0,9.0,,,,3.0,25,
35.0,6,15.0,40.0,,,,3,4,75.0,,,7.0,9.0,,,,5.0,15,
45.0,8,17.0,47.1,,,,3,5,60.0,,,9.0,6.0,,,,5.0,19,
40.0,11,21.0,52.4,,,,3,4,75.0,,,7.0,12.0,,,,2.0,25,
36.0,6,14.0,42.9,,,,5,6,83.3,,,7.0,6.0,,,,2.0,17,
39.0,6,12.0,50.0,,,,3,3,100.0,,,5.0,11.0,,,,2.0,15,
42.0,5,13.0,38.5,,,,5,5,100.0,,,9.0,8.0,,,,1.0,15,
45.0,11,15.0,73.3,,,,1,1,100.0,,,5.0,10.0,,,,2.0,23,
39.0,6,14.0,42.9,,,,2,2,100.0,,,6.0,8.0,,,,3.0,14,
38.0,4,10.0,40.0,,,,2,2,100.0,,,3.0,5.0,,,,3.0,10,
42.0,7,15.0,46.7,,,,1,1,100.0,,,8.0,7.0,,,,2.0,15,
53.0,7,17.0,41.2,,,,4,5,80.0,,,9.0,5.0,,,,2.0,18,
41.0,10,13.0,76.9,,,,8,9,88.9,,,4.0,6.0,,,,3.0,28,
20.0,2,6.0,33.3,,,,2,2,100.0,,,3.0,4.0,,,,1.0,6,
,8,19.0,42.1,,,,6,9,66.7,,,9.0,10.0,,,,3.0,22,
45.0,15,23.0,65.2,,,,1,1,100.0,,,5.0,8.0,,,,4.0,31,
33.0,3,8.0,37.5,,,,0,0,,,,5.0,5.0,,,,1.0,6,
37.0,6,10.0,60.0,,,,1,3,33.3,,,4.0,6.0,,,,0.0,13,
21.0,3,10.0,30.0,,,,1,1,100.0,,,2.0,6.0,,,,1.0,7,
33.0,4,11.0,36.4,,,,2,2,100.0,,,4.0,11.0,,,,2.0,10,
40.0,6,11.0,54.5,,,,6,6,100.0,,,3.0,7.0,,,,2.0,18,
46.0,3,10.0,30.0,,,,4,4,100.0,,,5.0,7.0,,,,5.0,10,
37.0,8,14.0,57.1,,,,2,2,100.0,,,5.0,10.0,,,,3.0,18,
28.0,2,10.0,20.0,,,,3,4,75.0,,,2.0,3.0,,,,0.0,7,
33.0,4,8.0,50.0,,,,4,5,80.0,,,3.0,7.0,,,,4.0,12,
38.0,6,11.0,54.5,,,,3,4,75.0,,,7.0,5.0,,,,3.0,15,
42.0,7,11.0,63.6,,,,0,0,,,,2.0,16.0,,,,4.0,14,
30.0,2,8.0,25.0,,,,4,4,100.0,,,2.0,10.0,,,,2.0,8,
20.0,5,14.0,35.7,,,,2,2,100.0,,,3.0,1.0,,,,1.0,12,
7.0,0,1.0,0.0,,,,0,0,,,,0.0,2.0,,,,3.0,0,
,7,,,,,,3,6,50.0,,,,,,,,,17,
37.0,7,18.0,38.9,,,,2,2,100.0,,,5.0,6.0,,,,2.0,16,
42.0,5,17.0,29.4,,,,0,0,,,,3.0,6.0,,,,5.0,10,
40.0,2,11.0,18.2,,,,0,0,,,,6.0,8.0,,,,1.0,4,
24.0,2,4.0,50.0,,,,3,4,75.0,,,1.0,4.0,,,,3.0,7,
23.0,6,10.0,60.0,,,,9,14,64.3,,,1.0,2.0,,,,4.0,21,
44.0,7,17.0,41.2,,,,2,2,100.0,,,5.0,8.0,,,,0.0,16,
44.0,8,14.0,57.1,,,,3,3,100.0,,,12.0,8.0,,,,4.0,19,
39.0,3,13.0,23.1,,,,3,3,100.0,,,2.0,12.0,,,,3.0,9,
42.0,3,9.0,33.3,,,,11,12,91.7,,,5.0,11.0,,,,1.0,17,
40.0,5,12.0,41.7,,,,5,5,100.0,,,4.0,7.0,,,,2.0,15,
49.0,11,24.0,45.8,,,,3,4,75.0,,,5.0,6.0,,,,2.0,25,
33.0,6,11.0,54.5,,,,0,0,,,,0.0,8.0,,,,2.0,12,
,6,10.0,60.0,,,,2,2,100.0,,,3.0,5.0,,,,,14,
33.0,7,15.0,46.7,,,,3,3,100.0,,,6.0,5.0,,,,1.0,17,
40.0,2,8.0,25.0,,,,0,0,,,,2.0,5.0,,,,0.0,4,
43.0,7,19.0,36.8,,,,0,0,,,,1.0,7.0,,,,2.0,14,
37.0,7,14.0,50.0,,,,2,2,100.0,,,9.0,6.0,,,,1.0,16,
34.0,7,13.0,53.8,,,,5,5,100.0,,,3.0,3.0,,,,1.0,19,
32.0,4,9.0,44.4,,,,9,10,90.0,,,6.0,5.0,,,,3.0,17,
38.0,7,17.0,41.2,,,,2,3,66.7,,,1.0,8.0,,,,0.0,16,
41.0,7,19.0,36.8,,,,3,3,100.0,,,4.0,7.0,,,,,17,
39.0,6,14.0,42.9,,,,4,4,100.0,,,8.0,10.0,,,,1.0,16,
39.0,9,18.0,50.0,,,,7,7,100.0,,,8.0,5.0,,,,3.0,25,
44.0,5,20.0,25.0,,,,4,6,66.7,,,5.0,8.0,,,,3.0,14,
43.0,5,16.0,31.3,,,,1,2,50.0,,,6.0,9.0,,,,2.0,11,
28.0,3,9.0,33.3,,,,1,2,50.0,,,3.0,3.0,,,,2.0,7,
26.0,5,13.0,38.5,,,,3,3,100.0,,,5.0,3.0,,,,1.0,13,
41.0,6,18.0,33.3,,,,2,2,100.0,,,1.0,12.0,,,,3.0,14,
41.0,3,8.0,37.5,,,,4,6,66.7,,,6.0,6.0,,,,2.0,10,
42.0,5,13.0,38.5,,,,5,6,83.3,,,7.0,7.0,,,,0.0,15,
39.0,8,15.0,53.3,,,,5,5,100.0,,,7.0,6.0,,,,2.0,21,
42.0,8,17.0,47.1,,,,7,8,87.5,,,9.0,13.0,,,,3.0,23,
33.0,10,19.0,52.6,,,,7,10,70.0,,,6.0,9.0,,,,,27,
38.0,10,20.0,50.0,,,,2,3,66.7,,,10.0,9.0,,,,1.0,22,
37.0,4,8.0,50.0,,,,1,1,100.0,,,4.0,14.0,,,,2.0,9,
34.0,2,14.0,14.3,,,,2,2,100.0,,,5.0,7.0,,,,3.0,6,
37.0,2,9.0,22.2,,,,2,3,66.7,,,8.0,10.0,,,,3.0,6,
35.0,4,10.0,40.0,,,,6,6,100.0,,,2.0,9.0,,0.0,,1.0,14,
46.0,5,10.0,50.0,,,,4,5,80.0,2.0,8.0,10.0,10.0,1.0,0.0,,2.0,14,
46.0,4,9.0,44.4,,,,8,10,80.0,,,3.0,4.0,,0.0,,2.0,16,
42.0,6,16.0,37.5,,,,2,2,100.0,,,5.0,9.0,3.0,0.0,,0.0,14,
41.0,6,11.0,54.5,,,,2,2,100.0,1.0,9.0,10.0,10.0,3.0,0.0,,4.0,14,
34.0,3,7.0,42.9,,,,5,6,83.3,1.0,2.0,3.0,5.0,1.0,0.0,,4.0,11,
36.0,1,9.0,11.1,,,,2,2,100.0,,,4.0,4.0,,0.0,,3.0,4,
39.0,7,16.0,43.8,,,,2,4,50.0,1.0,6.0,7.0,8.0,1.0,0.0,,1.0,16,
30.0,1,8.0,12.5,,,,0,0,,,,5.0,4.0,1.0,0.0,,4.0,2,
32.0,3,9.0,33.3,,,,2,4,50.0,0.0,0.0,0.0,7.0,1.0,0.0,,1.0,8,
43.0,9,17.0,52.9,,,,2,3,66.7,,,6.0,4.0,,0.0,,5.0,20,
40.0,7,9.0,77.8,,,,6,6,100.0,,,1.0,3.0,,0.0,,0.0,20,
50.0,4,7.0,57.1,,,,5,7,71.4,,,7.0,17.0,0.0,0.0,,2.0,13,
39.0,5,8.0,62.5,,,,3,3,100.0,,,3.0,9.0,1.0,0.0,,1.0,13,
29.0,4,8.0,50.0,,,,3,3,100.0,,,3.0,4.0,0.0,1.0,,1.0,11,
30.0,6,9.0,66.7,,,,3,3,100.0,,,1.0,4.0,1.0,0.0,,0.0,15,
29.0,4,5.0,80.0,,,,1,3,33.3,,,2.0,1.0,,0.0,,1.0,9,
34.0,2,6.0,33.3,,,,2,2,100.0,,,2.0,4.0,,0.0,,4.0,6,
43.0,4,9.0,44.4,,,,5,5,100.0,,,9.0,8.0,,0.0,,1.0,13,
40.0,4,7.0,57.1,,,,6,8,75.0,,,2.0,9.0,,0.0,,2.0,14,
22.0,1,7.0,14.3,,,,2,2,100.0,0.0,0.0,0.0,2.0,,0.0,,1.0,4,
39.0,4,7.0,57.1,,,,0,0,,,,4.0,6.0,0.0,0.0,,0.0,8,
17.0,1,1.0,100.0,,,,0,0,,,,2.0,3.0,,0.0,,3.0,2,
37.0,1,8.0,12.5,,,,2,3,66.7,,,10.0,9.0,,0.0,,1.0,4,
35.0,3,8.0,37.5,,,,2,4,50.0,1.0,3.0,4.0,6.0,1.0,0.0,,2.0,8,
39.0,5,9.0,55.6,,,,3,3,100.0,,,5.0,3.0,,0.0,,3.0,13,
35.0,3,11.0,27.3,,,,6,6,100.0,,,2.0,5.0,,0.0,,3.0,12,
46.0,6,18.0,33.3,,,,6,6,100.0,,,5.0,5.0,,0.0,,3.0,18,
29.0,5,8.0,62.5,,,,0,0,,0.0,4.0,4.0,7.0,1.0,0.0,,1.0,10,
37.0,3,11.0,27.3,,,,0,0,,3.0,2.0,5.0,5.0,0.0,0.0,,0.0,6,
29.0,0,6.0,0.0,,,,2,2,100.0,,,5.0,2.0,,0.0,,1.0,2,
15.0,3,6.0,50.0,,,,0,0,,0.0,1.0,1.0,4.0,0.0,0.0,,0.0,6,
29.0,2,8.0,25.0,,,,4,5,80.0,,,2.0,7.0,,0.0,,2.0,8,
30.0,5,9.0,55.6,,,,1,2,50.0,0.0,1.0,1.0,5.0,2.0,0.0,,5.0,11,
22.0,2,7.0,28.6,,,,0,0,,,,1.0,7.0,,0.0,,1.0,4,
6.0,0,1.0,0.0,,,,1,2,50.0,0.0,0.0,0.0,0.0,0.0,0.0,,0.0,1,
37.0,7,12.0,58.3,,,,3,3,100.0,1.0,1.0,2.0,3.0,0.0,0.0,,1.0,17,
43.0,9,22.0,40.9,,,,2,2,100.0,,,6.0,9.0,,0.0,,2.0,20,
42.0,7,13.0,53.8,,,,5,5,100.0,1.0,0.0,1.0,7.0,3.0,0.0,,3.0,19,
37.0,7,14.0,50.0,,,,4,5,80.0,,,1.0,10.0,,0.0,,2.0,18,
45.0,6,13.0,46.2,,,,5,5,100.0,,,4.0,13.0,,0.0,,3.0,17,
35.0,7,11.0,63.6,,,,3,3,100.0,,,2.0,9.0,,0.0,,3.0,17,
41.0,7,17.0,41.2,,,,4,4,100.0,,,10.0,4.0,,0.0,,2.0,18,
34.0,5,10.0,50.0,,,,4,4,100.0,1.0,2.0,3.0,10.0,1.0,1.0,,1.0,14,
36.0,5,9.0,55.6,,,,3,3,100.0,,,5.0,5.0,,0.0,,1.0,13,
45.0,9,15.0,60.0,,,,2,2,100.0,,,6.0,10.0,,1.0,,3.0,20,
38.0,3,7.0,42.9,,,,2,2,100.0,,,2.0,8.0,,1.0,,2.0,8,
37.0,3,11.0,27.3,,,,8,8,100.0,,,5.0,7.0,,0.0,,4.0,14,
27.0,1,8.0,12.5,,,,2,2,100.0,,,2.0,6.0,,0.0,,1.0,4,
36.0,7,15.0,46.7,,,,5,7,71.4,,,7.0,9.0,,0.0,,3.0,19,
39.0,7,15.0,46.7,,,,6,6,100.0,,,3.0,1.0,,0.0,,3.0,20,
40.0,5,16.0,31.3,,,,5,6,83.3,1.0,5.0,6.0,13.0,2.0,0.0,,4.0,15,
46.0,8,21.0,38.1,,,,3,4,75.0,,,5.0,6.0,,0.0,,1.0,19,
39.0,5,12.0,41.7,,,,1,2,50.0,,,5.0,3.0,,0.0,,3.0,11,
40.0,8,18.0,44.4,,,,2,3,66.7,1.0,3.0,4.0,8.0,0.0,0.0,,2.0,18,
37.0,9,13.0,69.2,,,,6,6,100.0,0.0,0.0,0.0,2.0,,0.0,,2.0,24,
39.0,4,15.0,26.7,,,,4,6,66.7,,,4.0,5.0,0.0,0.0,,2.0,12,
23.0,5,7.0,71.4,,,,1,2,50.0,,,1.0,7.0,,0.0,,4.0,11,
45.0,8,14.0,57.1,,,,1,3,33.3,,,8.0,5.0,,0.0,,1.0,17,
34.0,5,10.0,50.0,,,,4,7,57.1,1.0,6.0,7.0,8.0,2.0,0.0,,3.0,14,
25.0,5,8.0,62.5,,,,0,0,,,,4.0,2.0,,0.0,,0.0,10,
39.0,5,17.0,29.4,,,,5,6,83.3,1.0,4.0,5.0,8.0,5.0,0.0,,0.0,15,
29.0,6,8.0,75.0,,,,0,0,,,,2.0,7.0,,0.0,,3.0,12,
31.0,5,14.0,35.7,,,,4,5,80.0,,,5.0,8.0,,0.0,,2.0,14,
39.0,5,17.0,29.4,,,,11,14,78.6,2.0,1.0,3.0,7.0,3.0,0.0,,1.0,21,
40.0,6,11.0,54.5,,,,0,0,,,,5.0,8.0,,0.0,,2.0,12,
33.0,6,12.0,50.0,,,,2,2,100.0,0.0,2.0,2.0,7.0,1.0,0.0,,2.0,14,
32.0,6,20.0,30.0,,,,4,5,80.0,,,7.0,9.0,,0.0,,0.0,16,
32.0,5,15.0,33.3,,,,2,2,100.0,1.0,7.0,8.0,7.0,0.0,0.0,,2.0,12,
36.0,9,17.0,52.9,,,,1,1,100.0,0.0,3.0,3.0,5.0,1.0,0.0,,1.0,19,
